id,product_id,store_id,price,recorded_date
1,1,1,36.71,2026-02-02
2,1,1,36.03,2026-02-05
3,1,1,35.16,2026-02-08
4,1,1,36.92,2026-02-11
5,1,1,37.18,2026-02-14
6,1,1,36.42,2026-02-17
7,1,1,36.8,2026-02-20
8,1,1,37.71,2026-02-23
9,1,1,36.8,2026-02-26
10,1,1,36.37,2026-03-01
11,1,2,33.04,2026-02-02
12,1,2,35.49,2026-02-05
13,1,2,33.12,2026-02-08
14,1,2,35.48,2026-02-11
15,1,2,35.62,2026-02-14
16,1,2,32.8,2026-02-17
17,1,2,34.48,2026-02-20
18,1,2,32.91,2026-02-23
19,1,2,32.76,2026-02-26
20,1,2,32.75,2026-03-01
21,1,3,32.93,2026-02-02
22,1,3,32.85,2026-02-05
23,1,3,32.3,2026-02-08
24,1,3,34.99,2026-02-11
25,1,3,32.87,2026-02-14
26,1,3,34.9,2026-02-17
27,1,3,33.49,2026-02-20
28,1,3,31.97,2026-02-23
29,1,3,34.8,2026-02-26
30,1,3,33.4,2026-03-01
31,1,4,34.65,2026-02-02
32,1,4,32.39,2026-02-05
33,1,4,31.48,2026-02-08
34,1,4,32.26,2026-02-11
35,1,4,33.85,2026-02-14
36,1,4,31.43,2026-02-17
37,1,4,32.21,2026-02-20
38,1,4,34.23,2026-02-23
39,1,4,33.73,2026-02-26
40,1,4,33.35,2026-03-01
41,1,5,37.28,2026-02-02
42,1,5,36.63,2026-02-05
43,1,5,36.58,2026-02-08
44,1,5,37.39,2026-02-11
45,1,5,36.54,2026-02-14
46,1,5,36.33,2026-02-17
47,1,5,35.05,2026-02-20
48,1,5,34.88,2026-02-23
49,1,5,34.68,2026-02-26
50,1,5,35.79,2026-03-01
51,2,1,58.27,2026-02-02
52,2,1,59.37,2026-02-05
53,2,1,55.65,2026-02-08
54,2,1,56.55,2026-02-11
55,2,1,58.33,2026-02-14
56,2,1,55.16,2026-02-17
57,2,1,59.12,2026-02-20
58,2,1,57.02,2026-02-23
59,2,1,54.38,2026-02-26
60,2,1,59.17,2026-03-01
61,2,2,61.19,2026-02-02
62,2,2,62.47,2026-02-05
63,2,2,62.6,2026-02-08
64,2,2,59.18,2026-02-11
65,2,2,57.27,2026-02-14
66,2,2,62.22,2026-02-17
67,2,2,62.68,2026-02-20
68,2,2,57.85,2026-02-23
69,2,2,58.72,2026-02-26
70,2,2,58.52,2026-03-01
71,2,3,65.41,2026-02-02
72,2,3,60.71,2026-02-05
73,2,3,61.64,2026-02-08
74,2,3,64.76,2026-02-11
75,2,3,62.32,2026-02-14
76,2,3,60.74,2026-02-17
77,2,3,62.44,2026-02-20
78,2,3,59.56,2026-02-23
79,2,3,64.42,2026-02-26
80,2,3,61.78,2026-03-01
81,2,4,59.52,2026-02-02
82,2,4,57.86,2026-02-05
83,2,4,60.96,2026-02-08
84,2,4,56.27,2026-02-11
85,2,4,58.19,2026-02-14
86,2,4,60.62,2026-02-17
87,2,4,59.44,2026-02-20
88,2,4,58.77,2026-02-23
89,2,4,58.91,2026-02-26
90,2,4,56.67,2026-03-01
91,2,5,56.01,2026-02-02
92,2,5,56.09,2026-02-05
93,2,5,61.01,2026-02-08
94,2,5,59.33,2026-02-11
95,2,5,59.6,2026-02-14
96,2,5,59.05,2026-02-17
97,2,5,56.29,2026-02-20
98,2,5,57.43,2026-02-23
99,2,5,58.0,2026-02-26
100,2,5,61.24,2026-03-01
101,3,1,212.46,2026-02-02
102,3,1,211.78,2026-02-05
103,3,1,201.68,2026-02-08
104,3,1,195.66,2026-02-11
105,3,1,211.14,2026-02-14
106,3,1,193.72,2026-02-17
107,3,1,208.49,2026-02-20
108,3,1,196.24,2026-02-23
109,3,1,205.33,2026-02-26
110,3,1,206.92,2026-03-01
111,3,2,189.68,2026-02-02
112,3,2,199.9,2026-02-05
113,3,2,203.14,2026-02-08
114,3,2,202.45,2026-02-11
115,3,2,194.93,2026-02-14
116,3,2,206.4,2026-02-17
117,3,2,201.75,2026-02-20
118,3,2,199.58,2026-02-23
119,3,2,202.14,2026-02-26
120,3,2,196.04,2026-03-01
121,3,3,190.22,2026-02-02
122,3,3,199.48,2026-02-05
123,3,3,199.15,2026-02-08
124,3,3,204.93,2026-02-11
125,3,3,198.99,2026-02-14
126,3,3,195.13,2026-02-17
127,3,3,201.46,2026-02-20
128,3,3,201.33,2026-02-23
129,3,3,192.71,2026-02-26
130,3,3,198.51,2026-03-01
131,3,4,178.08,2026-02-02
132,3,4,180.55,2026-02-05
133,3,4,170.96,2026-02-08
134,3,4,185.43,2026-02-11
135,3,4,172.16,2026-02-14
136,3,4,174.84,2026-02-17
137,3,4,176.3,2026-02-20
138,3,4,170.95,2026-02-23
139,3,4,179.5,2026-02-26
140,3,4,175.22,2026-03-01
141,3,5,202.0,2026-02-02
142,3,5,198.26,2026-02-05
143,3,5,203.04,2026-02-08
144,3,5,204.55,2026-02-11
145,3,5,195.53,2026-02-14
146,3,5,192.76,2026-02-17
147,3,5,197.21,2026-02-20
148,3,5,203.56,2026-02-23
149,3,5,202.96,2026-02-26
150,3,5,208.51,2026-03-01
151,4,1,37.31,2026-02-02
152,4,1,38.56,2026-02-05
153,4,1,36.4,2026-02-08
154,4,1,37.12,2026-02-11
155,4,1,37.62,2026-02-14
156,4,1,37.9,2026-02-17
157,4,1,38.19,2026-02-20
158,4,1,39.28,2026-02-23
159,4,1,35.95,2026-02-26
160,4,1,39.0,2026-03-01
161,4,2,40.94,2026-02-02
162,4,2,39.57,2026-02-05
163,4,2,40.37,2026-02-08
164,4,2,39.23,2026-02-11
165,4,2,38.69,2026-02-14
166,4,2,41.76,2026-02-17
167,4,2,41.08,2026-02-20
168,4,2,38.84,2026-02-23
169,4,2,38.85,2026-02-26
170,4,2,40.06,2026-03-01
171,4,3,42.51,2026-02-02
172,4,3,42.86,2026-02-05
173,4,3,42.55,2026-02-08
174,4,3,44.35,2026-02-11
175,4,3,43.47,2026-02-14
176,4,3,41.54,2026-02-17
177,4,3,41.19,2026-02-20
178,4,3,43.04,2026-02-23
179,4,3,43.62,2026-02-26
180,4,3,41.17,2026-03-01
181,4,4,39.33,2026-02-02
182,4,4,38.56,2026-02-05
183,4,4,37.79,2026-02-08
184,4,4,38.44,2026-02-11
185,4,4,38.28,2026-02-14
186,4,4,40.5,2026-02-17
187,4,4,39.25,2026-02-20
188,4,4,37.34,2026-02-23
189,4,4,38.03,2026-02-26
190,4,4,39.14,2026-03-01
191,4,5,34.52,2026-02-02
192,4,5,37.02,2026-02-05
193,4,5,37.96,2026-02-08
194,4,5,37.28,2026-02-11
195,4,5,34.69,2026-02-14
196,4,5,36.1,2026-02-17
197,4,5,37.09,2026-02-20
198,4,5,34.87,2026-02-23
199,4,5,35.12,2026-02-26
200,4,5,35.85,2026-03-01
201,5,1,159.82,2026-02-02
202,5,1,169.22,2026-02-05
203,5,1,163.93,2026-02-08
204,5,1,171.21,2026-02-11
205,5,1,167.47,2026-02-14
206,5,1,173.44,2026-02-17
207,5,1,162.97,2026-02-20
208,5,1,163.94,2026-02-23
209,5,1,162.43,2026-02-26
210,5,1,159.12,2026-03-01
211,5,2,169.91,2026-02-02
212,5,2,172.3,2026-02-05
213,5,2,169.54,2026-02-08
214,5,2,180.76,2026-02-11
215,5,2,178.84,2026-02-14
216,5,2,169.73,2026-02-17
217,5,2,167.3,2026-02-20
218,5,2,172.28,2026-02-23
219,5,2,165.82,2026-02-26
220,5,2,167.11,2026-03-01
221,5,3,180.68,2026-02-02
222,5,3,196.54,2026-02-05
223,5,3,179.93,2026-02-08
224,5,3,196.99,2026-02-11
225,5,3,185.77,2026-02-14
226,5,3,188.69,2026-02-17
227,5,3,185.91,2026-02-20
228,5,3,189.06,2026-02-23
229,5,3,185.76,2026-02-26
230,5,3,180.32,2026-03-01
231,5,4,168.94,2026-02-02
232,5,4,163.26,2026-02-05
233,5,4,168.02,2026-02-08
234,5,4,156.47,2026-02-11
235,5,4,163.68,2026-02-14
236,5,4,164.38,2026-02-17
237,5,4,161.64,2026-02-20
238,5,4,157.89,2026-02-23
239,5,4,166.51,2026-02-26
240,5,4,166.77,2026-03-01
241,5,5,185.48,2026-02-02
242,5,5,184.64,2026-02-05
243,5,5,196.14,2026-02-08
244,5,5,195.97,2026-02-11
245,5,5,187.24,2026-02-14
246,5,5,196.72,2026-02-17
247,5,5,200.7,2026-02-20
248,5,5,192.03,2026-02-23
249,5,5,185.82,2026-02-26
250,5,5,201.88,2026-03-01
251,6,1,32.76,2026-02-02
252,6,1,30.45,2026-02-05
253,6,1,30.99,2026-02-08
254,6,1,32.25,2026-02-11
255,6,1,32.73,2026-02-14
256,6,1,30.59,2026-02-17
257,6,1,30.12,2026-02-20
258,6,1,30.07,2026-02-23
259,6,1,31.8,2026-02-26
260,6,1,31.84,2026-03-01
261,6,2,37.89,2026-02-02
262,6,2,37.98,2026-02-05
263,6,2,39.13,2026-02-08
264,6,2,38.94,2026-02-11
265,6,2,37.6,2026-02-14
266,6,2,38.64,2026-02-17
267,6,2,37.54,2026-02-20
268,6,2,36.26,2026-02-23
269,6,2,38.58,2026-02-26
270,6,2,38.26,2026-03-01
271,6,3,39.06,2026-02-02
272,6,3,37.12,2026-02-05
273,6,3,39.49,2026-02-08
274,6,3,38.64,2026-02-11
275,6,3,36.85,2026-02-14
276,6,3,38.34,2026-02-17
277,6,3,39.97,2026-02-20
278,6,3,38.94,2026-02-23
279,6,3,38.17,2026-02-26
280,6,3,36.56,2026-03-01
281,6,4,37.95,2026-02-02
282,6,4,37.49,2026-02-05
283,6,4,35.17,2026-02-08
284,6,4,34.82,2026-02-11
285,6,4,36.09,2026-02-14
286,6,4,35.38,2026-02-17
287,6,4,36.44,2026-02-20
288,6,4,36.01,2026-02-23
289,6,4,37.07,2026-02-26
290,6,4,37.72,2026-03-01
291,6,5,34.9,2026-02-02
292,6,5,34.72,2026-02-05
293,6,5,32.85,2026-02-08
294,6,5,34.94,2026-02-11
295,6,5,33.36,2026-02-14
296,6,5,34.26,2026-02-17
297,6,5,34.05,2026-02-20
298,6,5,34.64,2026-02-23
299,6,5,35.39,2026-02-26
300,6,5,35.47,2026-03-01
301,7,1,277.73,2026-02-02
302,7,1,278.57,2026-02-05
303,7,1,302.54,2026-02-08
304,7,1,296.81,2026-02-11
305,7,1,294.81,2026-02-14
306,7,1,288.13,2026-02-17
307,7,1,285.91,2026-02-20
308,7,1,294.29,2026-02-23
309,7,1,304.71,2026-02-26
310,7,1,301.13,2026-03-01
311,7,2,320.96,2026-02-02
312,7,2,341.64,2026-02-05
313,7,2,334.42,2026-02-08
314,7,2,325.98,2026-02-11
315,7,2,316.06,2026-02-14
316,7,2,342.22,2026-02-17
317,7,2,314.44,2026-02-20
318,7,2,341.81,2026-02-23
319,7,2,315.98,2026-02-26
320,7,2,336.84,2026-03-01
321,7,3,327.39,2026-02-02
322,7,3,317.03,2026-02-05
323,7,3,311.27,2026-02-08
324,7,3,326.65,2026-02-11
325,7,3,313.24,2026-02-14
326,7,3,311.52,2026-02-17
327,7,3,322.41,2026-02-20
328,7,3,323.34,2026-02-23
329,7,3,328.15,2026-02-26
330,7,3,321.71,2026-03-01
331,7,4,351.41,2026-02-02
332,7,4,327.0,2026-02-05
333,7,4,331.66,2026-02-08
334,7,4,355.08,2026-02-11
335,7,4,346.56,2026-02-14
336,7,4,360.02,2026-02-17
337,7,4,334.93,2026-02-20
338,7,4,339.78,2026-02-23
339,7,4,339.4,2026-02-26
340,7,4,352.98,2026-03-01
341,7,5,301.52,2026-02-02
342,7,5,308.71,2026-02-05
343,7,5,297.59,2026-02-08
344,7,5,295.97,2026-02-11
345,7,5,292.62,2026-02-14
346,7,5,315.74,2026-02-17
347,7,5,310.98,2026-02-20
348,7,5,311.58,2026-02-23
349,7,5,296.59,2026-02-26
350,7,5,292.11,2026-03-01
351,8,1,62.22,2026-02-02
352,8,1,57.21,2026-02-05
353,8,1,62.12,2026-02-08
354,8,1,61.06,2026-02-11
355,8,1,59.58,2026-02-14
356,8,1,60.94,2026-02-17
357,8,1,59.3,2026-02-20
358,8,1,59.5,2026-02-23
359,8,1,59.54,2026-02-26
360,8,1,59.21,2026-03-01
361,8,2,55.24,2026-02-02
362,8,2,54.89,2026-02-05
363,8,2,56.29,2026-02-08
364,8,2,52.68,2026-02-11
365,8,2,51.32,2026-02-14
366,8,2,53.14,2026-02-17
367,8,2,54.82,2026-02-20
368,8,2,55.99,2026-02-23
369,8,2,54.16,2026-02-26
370,8,2,51.07,2026-03-01
371,8,3,53.95,2026-02-02
372,8,3,53.92,2026-02-05
373,8,3,52.95,2026-02-08
374,8,3,51.38,2026-02-11
375,8,3,53.18,2026-02-14
376,8,3,53.84,2026-02-17
377,8,3,52.44,2026-02-20
378,8,3,55.52,2026-02-23
379,8,3,52.77,2026-02-26
380,8,3,53.76,2026-03-01
381,8,4,50.23,2026-02-02
382,8,4,49.61,2026-02-05
383,8,4,53.3,2026-02-08
384,8,4,50.63,2026-02-11
385,8,4,52.12,2026-02-14
386,8,4,50.99,2026-02-17
387,8,4,53.17,2026-02-20
388,8,4,53.57,2026-02-23
389,8,4,50.41,2026-02-26
390,8,4,53.91,2026-03-01
391,8,5,56.94,2026-02-02
392,8,5,54.23,2026-02-05
393,8,5,54.73,2026-02-08
394,8,5,52.63,2026-02-11
395,8,5,53.92,2026-02-14
396,8,5,52.35,2026-02-17
397,8,5,53.72,2026-02-20
398,8,5,55.52,2026-02-23
399,8,5,52.7,2026-02-26
400,8,5,53.31,2026-03-01
401,9,1,32.43,2026-02-02
402,9,1,32.5,2026-02-05
403,9,1,31.3,2026-02-08
404,9,1,33.59,2026-02-11
405,9,1,31.51,2026-02-14
406,9,1,30.92,2026-02-17
407,9,1,32.05,2026-02-20
408,9,1,32.52,2026-02-23
409,9,1,32.57,2026-02-26
410,9,1,31.03,2026-03-01
411,9,2,31.54,2026-02-02
412,9,2,33.65,2026-02-05
413,9,2,31.67,2026-02-08
414,9,2,30.55,2026-02-11
415,9,2,30.57,2026-02-14
416,9,2,31.64,2026-02-17
417,9,2,32.72,2026-02-20
418,9,2,32.02,2026-02-23
419,9,2,33.17,2026-02-26
420,9,2,33.33,2026-03-01
421,9,3,32.63,2026-02-02
422,9,3,33.54,2026-02-05
423,9,3,32.84,2026-02-08
424,9,3,30.86,2026-02-11
425,9,3,31.6,2026-02-14
426,9,3,31.32,2026-02-17
427,9,3,30.86,2026-02-20
428,9,3,33.53,2026-02-23
429,9,3,32.2,2026-02-26
430,9,3,31.16,2026-03-01
431,9,4,31.69,2026-02-02
432,9,4,31.25,2026-02-05
433,9,4,32.81,2026-02-08
434,9,4,31.05,2026-02-11
435,9,4,33.52,2026-02-14
436,9,4,33.52,2026-02-17
437,9,4,30.69,2026-02-20
438,9,4,32.27,2026-02-23
439,9,4,30.58,2026-02-26
440,9,4,33.45,2026-03-01
441,9,5,28.59,2026-02-02
442,9,5,29.23,2026-02-05
443,9,5,29.3,2026-02-08
444,9,5,28.5,2026-02-11
445,9,5,27.41,2026-02-14
446,9,5,28.03,2026-02-17
447,9,5,27.14,2026-02-20
448,9,5,27.69,2026-02-23
449,9,5,29.26,2026-02-26
450,9,5,28.81,2026-03-01
451,10,1,18.06,2026-02-02
452,10,1,17.74,2026-02-05
453,10,1,17.56,2026-02-08
454,10,1,17.59,2026-02-11
455,10,1,17.57,2026-02-14
456,10,1,17.58,2026-02-17
457,10,1,17.69,2026-02-20
458,10,1,18.34,2026-02-23
459,10,1,18.53,2026-02-26
460,10,1,18.49,2026-03-01
461,10,2,18.62,2026-02-02
462,10,2,18.41,2026-02-05
463,10,2,17.27,2026-02-08
464,10,2,18.48,2026-02-11
465,10,2,17.13,2026-02-14
466,10,2,18.09,2026-02-17
467,10,2,17.65,2026-02-20
468,10,2,18.33,2026-02-23
469,10,2,18.38,2026-02-26
470,10,2,18.7,2026-03-01
471,10,3,19.31,2026-02-02
472,10,3,18.6,2026-02-05
473,10,3,18.7,2026-02-08
474,10,3,20.45,2026-02-11
475,10,3,19.18,2026-02-14
476,10,3,19.01,2026-02-17
477,10,3,18.78,2026-02-20
478,10,3,19.27,2026-02-23
479,10,3,19.2,2026-02-26
480,10,3,19.99,2026-03-01
481,10,4,16.77,2026-02-02
482,10,4,17.51,2026-02-05
483,10,4,16.75,2026-02-08
484,10,4,16.26,2026-02-11
485,10,4,16.71,2026-02-14
486,10,4,16.42,2026-02-17
487,10,4,16.05,2026-02-20
488,10,4,16.97,2026-02-23
489,10,4,16.51,2026-02-26
490,10,4,17.36,2026-03-01
491,10,5,16.47,2026-02-02
492,10,5,17.06,2026-02-05
493,10,5,17.11,2026-02-08
494,10,5,16.55,2026-02-11
495,10,5,17.16,2026-02-14
496,10,5,17.36,2026-02-17
497,10,5,17.63,2026-02-20
498,10,5,17.87,2026-02-23
499,10,5,17.24,2026-02-26
500,10,5,17.71,2026-03-01
501,11,1,18.95,2026-02-02
502,11,1,19.35,2026-02-05
503,11,1,18.35,2026-02-08
504,11,1,18.04,2026-02-11
505,11,1,18.0,2026-02-14
506,11,1,18.0,2026-02-17
507,11,1,18.28,2026-02-20
508,11,1,18.32,2026-02-23
509,11,1,17.86,2026-02-26
510,11,1,19.09,2026-03-01
511,11,2,21.13,2026-02-02
512,11,2,22.22,2026-02-05
513,11,2,21.78,2026-02-08
514,11,2,21.93,2026-02-11
515,11,2,21.93,2026-02-14
516,11,2,21.79,2026-02-17
517,11,2,22.54,2026-02-20
518,11,2,22.88,2026-02-23
519,11,2,21.44,2026-02-26
520,11,2,21.6,2026-03-01
521,11,3,17.99,2026-02-02
522,11,3,17.75,2026-02-05
523,11,3,17.58,2026-02-08
524,11,3,18.78,2026-02-11
525,11,3,18.2,2026-02-14
526,11,3,17.67,2026-02-17
527,11,3,17.57,2026-02-20
528,11,3,18.34,2026-02-23
529,11,3,18.76,2026-02-26
530,11,3,18.87,2026-03-01
531,11,4,21.47,2026-02-02
532,11,4,20.24,2026-02-05
533,11,4,20.16,2026-02-08
534,11,4,21.28,2026-02-11
535,11,4,21.19,2026-02-14
536,11,4,20.28,2026-02-17
537,11,4,20.52,2026-02-20
538,11,4,19.89,2026-02-23
539,11,4,21.32,2026-02-26
540,11,4,20.96,2026-03-01
541,11,5,22.25,2026-02-02
542,11,5,21.4,2026-02-05
543,11,5,21.03,2026-02-08
544,11,5,20.89,2026-02-11
545,11,5,21.66,2026-02-14
546,11,5,22.31,2026-02-17
547,11,5,20.48,2026-02-20
548,11,5,21.17,2026-02-23
549,11,5,21.92,2026-02-26
550,11,5,20.58,2026-03-01
551,12,1,40.28,2026-02-02
552,12,1,41.58,2026-02-05
553,12,1,43.33,2026-02-08
554,12,1,39.41,2026-02-11
555,12,1,42.16,2026-02-14
556,12,1,41.63,2026-02-17
557,12,1,42.8,2026-02-20
558,12,1,40.73,2026-02-23
559,12,1,43.11,2026-02-26
560,12,1,43.26,2026-03-01
561,12,2,36.05,2026-02-02
562,12,2,35.64,2026-02-05
563,12,2,37.78,2026-02-08
564,12,2,38.08,2026-02-11
565,12,2,37.59,2026-02-14
566,12,2,37.92,2026-02-17
567,12,2,36.85,2026-02-20
568,12,2,38.03,2026-02-23
569,12,2,35.81,2026-02-26
570,12,2,35.14,2026-03-01
571,12,3,41.63,2026-02-02
572,12,3,39.86,2026-02-05
573,12,3,43.12,2026-02-08
574,12,3,40.32,2026-02-11
575,12,3,40.78,2026-02-14
576,12,3,40.13,2026-02-17
577,12,3,42.35,2026-02-20
578,12,3,40.46,2026-02-23
579,12,3,41.06,2026-02-26
580,12,3,42.08,2026-03-01
581,12,4,41.54,2026-02-02
582,12,4,45.5,2026-02-05
583,12,4,44.68,2026-02-08
584,12,4,42.6,2026-02-11
585,12,4,45.11,2026-02-14
586,12,4,44.24,2026-02-17
587,12,4,43.48,2026-02-20
588,12,4,42.5,2026-02-23
589,12,4,43.4,2026-02-26
590,12,4,42.99,2026-03-01
591,12,5,35.57,2026-02-02
592,12,5,35.92,2026-02-05
593,12,5,36.62,2026-02-08
594,12,5,37.07,2026-02-11
595,12,5,37.71,2026-02-14
596,12,5,35.32,2026-02-17
597,12,5,35.36,2026-02-20
598,12,5,38.16,2026-02-23
599,12,5,36.9,2026-02-26
600,12,5,35.75,2026-03-01
601,13,1,105.75,2026-02-02
602,13,1,103.6,2026-02-05
603,13,1,102.91,2026-02-08
604,13,1,108.65,2026-02-11
605,13,1,98.98,2026-02-14
606,13,1,105.39,2026-02-17
607,13,1,106.01,2026-02-20
608,13,1,105.0,2026-02-23
609,13,1,105.06,2026-02-26
610,13,1,99.17,2026-03-01
611,13,2,114.96,2026-02-02
612,13,2,118.7,2026-02-05
613,13,2,119.16,2026-02-08
614,13,2,124.42,2026-02-11
615,13,2,122.94,2026-02-14
616,13,2,124.48,2026-02-17
617,13,2,121.13,2026-02-20
618,13,2,126.2,2026-02-23
619,13,2,118.19,2026-02-26
620,13,2,119.15,2026-03-01
621,13,3,109.39,2026-02-02
622,13,3,107.41,2026-02-05
623,13,3,113.35,2026-02-08
624,13,3,109.71,2026-02-11
625,13,3,115.47,2026-02-14
626,13,3,113.16,2026-02-17
627,13,3,105.9,2026-02-20
628,13,3,106.99,2026-02-23
629,13,3,107.86,2026-02-26
630,13,3,109.38,2026-03-01
631,13,4,105.17,2026-02-02
632,13,4,100.58,2026-02-05
633,13,4,102.6,2026-02-08
634,13,4,102.36,2026-02-11
635,13,4,108.57,2026-02-14
636,13,4,102.94,2026-02-17
637,13,4,98.73,2026-02-20
638,13,4,108.39,2026-02-23
639,13,4,108.31,2026-02-26
640,13,4,98.67,2026-03-01
641,13,5,119.47,2026-02-02
642,13,5,122.97,2026-02-05
643,13,5,119.5,2026-02-08
644,13,5,119.55,2026-02-11
645,13,5,121.66,2026-02-14
646,13,5,112.56,2026-02-17
647,13,5,113.32,2026-02-20
648,13,5,113.57,2026-02-23
649,13,5,112.3,2026-02-26
650,13,5,114.93,2026-03-01
651,14,1,39.27,2026-02-02
652,14,1,40.23,2026-02-05
653,14,1,39.49,2026-02-08
654,14,1,39.05,2026-02-11
655,14,1,42.73,2026-02-14
656,14,1,42.57,2026-02-17
657,14,1,42.49,2026-02-20
658,14,1,39.15,2026-02-23
659,14,1,41.22,2026-02-26
660,14,1,42.61,2026-03-01
661,14,2,44.51,2026-02-02
662,14,2,46.17,2026-02-05
663,14,2,46.31,2026-02-08
664,14,2,44.8,2026-02-11
665,14,2,43.46,2026-02-14
666,14,2,45.51,2026-02-17
667,14,2,45.53,2026-02-20
668,14,2,43.51,2026-02-23
669,14,2,44.26,2026-02-26
670,14,2,45.33,2026-03-01
671,14,3,42.01,2026-02-02
672,14,3,42.7,2026-02-05
673,14,3,41.92,2026-02-08
674,14,3,44.15,2026-02-11
675,14,3,41.66,2026-02-14
676,14,3,42.4,2026-02-17
677,14,3,43.84,2026-02-20
678,14,3,40.5,2026-02-23
679,14,3,41.78,2026-02-26
680,14,3,41.17,2026-03-01
681,14,4,47.54,2026-02-02
682,14,4,44.94,2026-02-05
683,14,4,47.34,2026-02-08
684,14,4,43.88,2026-02-11
685,14,4,47.46,2026-02-14
686,14,4,44.61,2026-02-17
687,14,4,44.62,2026-02-20
688,14,4,44.37,2026-02-23
689,14,4,47.13,2026-02-26
690,14,4,44.12,2026-03-01
691,14,5,39.05,2026-02-02
692,14,5,41.22,2026-02-05
693,14,5,41.44,2026-02-08
694,14,5,40.39,2026-02-11
695,14,5,41.66,2026-02-14
696,14,5,41.08,2026-02-17
697,14,5,42.38,2026-02-20
698,14,5,40.41,2026-02-23
699,14,5,42.09,2026-02-26
700,14,5,41.1,2026-03-01
701,15,1,46.93,2026-02-02
702,15,1,48.11,2026-02-05
703,15,1,45.73,2026-02-08
704,15,1,46.89,2026-02-11
705,15,1,44.45,2026-02-14
706,15,1,44.74,2026-02-17
707,15,1,46.62,2026-02-20
708,15,1,45.08,2026-02-23
709,15,1,47.67,2026-02-26
710,15,1,44.24,2026-03-01
711,15,2,46.89,2026-02-02
712,15,2,47.22,2026-02-05
713,15,2,43.95,2026-02-08
714,15,2,45.58,2026-02-11
715,15,2,45.58,2026-02-14
716,15,2,45.91,2026-02-17
717,15,2,44.6,2026-02-20
718,15,2,43.21,2026-02-23
719,15,2,44.59,2026-02-26
720,15,2,45.21,2026-03-01
721,15,3,38.39,2026-02-02
722,15,3,40.7,2026-02-05
723,15,3,37.43,2026-02-08
724,15,3,40.15,2026-02-11
725,15,3,37.93,2026-02-14
726,15,3,39.26,2026-02-17
727,15,3,37.28,2026-02-20
728,15,3,40.15,2026-02-23
729,15,3,39.54,2026-02-26
730,15,3,37.97,2026-03-01
731,15,4,40.16,2026-02-02
732,15,4,40.87,2026-02-05
733,15,4,41.15,2026-02-08
734,15,4,41.36,2026-02-11
735,15,4,38.75,2026-02-14
736,15,4,41.76,2026-02-17
737,15,4,42.76,2026-02-20
738,15,4,40.27,2026-02-23
739,15,4,39.94,2026-02-26
740,15,4,40.91,2026-03-01
741,15,5,44.25,2026-02-02
742,15,5,43.99,2026-02-05
743,15,5,43.35,2026-02-08
744,15,5,45.97,2026-02-11
745,15,5,43.78,2026-02-14
746,15,5,46.63,2026-02-17
747,15,5,45.02,2026-02-20
748,15,5,43.39,2026-02-23
749,15,5,43.76,2026-02-26
750,15,5,46.64,2026-03-01
751,16,1,73.29,2026-02-02
752,16,1,66.76,2026-02-05
753,16,1,68.38,2026-02-08
754,16,1,72.86,2026-02-11
755,16,1,68.69,2026-02-14
756,16,1,70.35,2026-02-17
757,16,1,68.78,2026-02-20
758,16,1,70.93,2026-02-23
759,16,1,69.65,2026-02-26
760,16,1,72.37,2026-03-01
761,16,2,67.47,2026-02-02
762,16,2,67.71,2026-02-05
763,16,2,64.83,2026-02-08
764,16,2,69.15,2026-02-11
765,16,2,67.63,2026-02-14
766,16,2,64.62,2026-02-17
767,16,2,65.02,2026-02-20
768,16,2,66.11,2026-02-23
769,16,2,67.34,2026-02-26
770,16,2,67.96,2026-03-01
771,16,3,69.8,2026-02-02
772,16,3,64.62,2026-02-05
773,16,3,64.84,2026-02-08
774,16,3,66.4,2026-02-11
775,16,3,66.27,2026-02-14
776,16,3,68.72,2026-02-17
777,16,3,69.6,2026-02-20
778,16,3,67.51,2026-02-23
779,16,3,68.21,2026-02-26
780,16,3,68.58,2026-03-01
781,16,4,58.88,2026-02-02
782,16,4,58.9,2026-02-05
783,16,4,57.16,2026-02-08
784,16,4,58.57,2026-02-11
785,16,4,57.76,2026-02-14
786,16,4,60.63,2026-02-17
787,16,4,58.48,2026-02-20
788,16,4,58.76,2026-02-23
789,16,4,62.3,2026-02-26
790,16,4,59.75,2026-03-01
791,16,5,72.06,2026-02-02
792,16,5,71.3,2026-02-05
793,16,5,73.38,2026-02-08
794,16,5,69.05,2026-02-11
795,16,5,73.93,2026-02-14
796,16,5,70.51,2026-02-17
797,16,5,68.0,2026-02-20
798,16,5,71.59,2026-02-23
799,16,5,68.33,2026-02-26
800,16,5,71.63,2026-03-01
801,17,1,167.86,2026-02-02
802,17,1,167.35,2026-02-05
803,17,1,156.17,2026-02-08
804,17,1,156.04,2026-02-11
805,17,1,167.66,2026-02-14
806,17,1,165.07,2026-02-17
807,17,1,171.05,2026-02-20
808,17,1,162.52,2026-02-23
809,17,1,157.61,2026-02-26
810,17,1,156.24,2026-03-01
811,17,2,140.24,2026-02-02
812,17,2,148.85,2026-02-05
813,17,2,145.92,2026-02-08
814,17,2,150.33,2026-02-11
815,17,2,150.68,2026-02-14
816,17,2,145.16,2026-02-17
817,17,2,139.79,2026-02-20
818,17,2,140.58,2026-02-23
819,17,2,146.42,2026-02-26
820,17,2,139.81,2026-03-01
821,17,3,160.74,2026-02-02
822,17,3,153.03,2026-02-05
823,17,3,153.78,2026-02-08
824,17,3,167.78,2026-02-11
825,17,3,160.44,2026-02-14
826,17,3,160.07,2026-02-17
827,17,3,159.48,2026-02-20
828,17,3,165.41,2026-02-23
829,17,3,163.0,2026-02-26
830,17,3,163.55,2026-03-01
831,17,4,156.73,2026-02-02
832,17,4,158.27,2026-02-05
833,17,4,158.87,2026-02-08
834,17,4,154.93,2026-02-11
835,17,4,164.61,2026-02-14
836,17,4,168.36,2026-02-17
837,17,4,169.8,2026-02-20
838,17,4,155.42,2026-02-23
839,17,4,157.51,2026-02-26
840,17,4,164.54,2026-03-01
841,17,5,140.58,2026-02-02
842,17,5,143.13,2026-02-05
843,17,5,148.45,2026-02-08
844,17,5,138.03,2026-02-11
845,17,5,138.19,2026-02-14
846,17,5,140.84,2026-02-17
847,17,5,140.62,2026-02-20
848,17,5,139.7,2026-02-23
849,17,5,145.89,2026-02-26
850,17,5,139.91,2026-03-01
851,18,1,32.7,2026-02-02
852,18,1,31.4,2026-02-05
853,18,1,31.28,2026-02-08
854,18,1,30.76,2026-02-11
855,18,1,32.76,2026-02-14
856,18,1,33.05,2026-02-17
857,18,1,30.18,2026-02-20
858,18,1,32.1,2026-02-23
859,18,1,32.09,2026-02-26
860,18,1,31.81,2026-03-01
861,18,2,34.04,2026-02-02
862,18,2,35.12,2026-02-05
863,18,2,32.75,2026-02-08
864,18,2,35.66,2026-02-11
865,18,2,32.97,2026-02-14
866,18,2,33.25,2026-02-17
867,18,2,33.97,2026-02-20
868,18,2,32.7,2026-02-23
869,18,2,35.7,2026-02-26
870,18,2,34.03,2026-03-01
871,18,3,33.48,2026-02-02
872,18,3,35.3,2026-02-05
873,18,3,33.48,2026-02-08
874,18,3,34.55,2026-02-11
875,18,3,35.61,2026-02-14
876,18,3,33.78,2026-02-17
877,18,3,35.45,2026-02-20
878,18,3,34.22,2026-02-23
879,18,3,33.66,2026-02-26
880,18,3,33.93,2026-03-01
881,18,4,33.69,2026-02-02
882,18,4,33.16,2026-02-05
883,18,4,32.3,2026-02-08
884,18,4,34.94,2026-02-11
885,18,4,33.03,2026-02-14
886,18,4,32.65,2026-02-17
887,18,4,32.88,2026-02-20
888,18,4,34.06,2026-02-23
889,18,4,34.88,2026-02-26
890,18,4,34.1,2026-03-01
891,18,5,35.8,2026-02-02
892,18,5,33.87,2026-02-05
893,18,5,34.31,2026-02-08
894,18,5,33.78,2026-02-11
895,18,5,34.44,2026-02-14
896,18,5,35.22,2026-02-17
897,18,5,35.05,2026-02-20
898,18,5,34.07,2026-02-23
899,18,5,34.69,2026-02-26
900,18,5,33.74,2026-03-01
901,19,1,32.71,2026-02-02
902,19,1,33.57,2026-02-05
903,19,1,33.75,2026-02-08
904,19,1,32.46,2026-02-11
905,19,1,31.96,2026-02-14
906,19,1,33.73,2026-02-17
907,19,1,32.26,2026-02-20
908,19,1,31.84,2026-02-23
909,19,1,32.18,2026-02-26
910,19,1,30.95,2026-03-01
911,19,2,32.06,2026-02-02
912,19,2,30.21,2026-02-05
913,19,2,32.61,2026-02-08
914,19,2,32.24,2026-02-11
915,19,2,32.33,2026-02-14
916,19,2,30.02,2026-02-17
917,19,2,32.19,2026-02-20
918,19,2,30.38,2026-02-23
919,19,2,29.97,2026-02-26
920,19,2,32.16,2026-03-01
921,19,3,32.03,2026-02-02
922,19,3,30.33,2026-02-05
923,19,3,30.2,2026-02-08
924,19,3,32.39,2026-02-11
925,19,3,29.82,2026-02-14
926,19,3,32.46,2026-02-17
927,19,3,32.12,2026-02-20
928,19,3,31.98,2026-02-23
929,19,3,30.21,2026-02-26
930,19,3,31.85,2026-03-01
931,19,4,26.95,2026-02-02
932,19,4,28.4,2026-02-05
933,19,4,27.25,2026-02-08
934,19,4,27.13,2026-02-11
935,19,4,28.48,2026-02-14
936,19,4,27.43,2026-02-17
937,19,4,27.88,2026-02-20
938,19,4,27.88,2026-02-23
939,19,4,28.53,2026-02-26
940,19,4,28.73,2026-03-01
941,19,5,27.69,2026-02-02
942,19,5,28.9,2026-02-05
943,19,5,28.6,2026-02-08
944,19,5,29.17,2026-02-11
945,19,5,26.73,2026-02-14
946,19,5,28.63,2026-02-17
947,19,5,27.96,2026-02-20
948,19,5,29.46,2026-02-23
949,19,5,27.78,2026-02-26
950,19,5,29.2,2026-03-01
951,20,1,49.52,2026-02-02
952,20,1,49.41,2026-02-05
953,20,1,51.12,2026-02-08
954,20,1,49.15,2026-02-11
955,20,1,51.47,2026-02-14
956,20,1,50.09,2026-02-17
957,20,1,51.12,2026-02-20
958,20,1,50.22,2026-02-23
959,20,1,51.87,2026-02-26
960,20,1,48.83,2026-03-01
961,20,2,57.92,2026-02-02
962,20,2,58.37,2026-02-05
963,20,2,60.16,2026-02-08
964,20,2,57.99,2026-02-11
965,20,2,56.05,2026-02-14
966,20,2,57.61,2026-02-17
967,20,2,57.74,2026-02-20
968,20,2,60.07,2026-02-23
969,20,2,58.6,2026-02-26
970,20,2,58.05,2026-03-01
971,20,3,57.47,2026-02-02
972,20,3,61.37,2026-02-05
973,20,3,60.72,2026-02-08
974,20,3,62.19,2026-02-11
975,20,3,62.03,2026-02-14
976,20,3,60.3,2026-02-17
977,20,3,60.96,2026-02-20
978,20,3,62.62,2026-02-23
979,20,3,60.87,2026-02-26
980,20,3,57.02,2026-03-01
981,20,4,54.47,2026-02-02
982,20,4,52.18,2026-02-05
983,20,4,55.19,2026-02-08
984,20,4,52.56,2026-02-11
985,20,4,54.29,2026-02-14
986,20,4,55.64,2026-02-17
987,20,4,53.61,2026-02-20
988,20,4,51.52,2026-02-23
989,20,4,53.14,2026-02-26
990,20,4,52.2,2026-03-01
991,20,5,59.61,2026-02-02
992,20,5,58.99,2026-02-05
993,20,5,59.97,2026-02-08
994,20,5,61.08,2026-02-11
995,20,5,61.98,2026-02-14
996,20,5,60.71,2026-02-17
997,20,5,60.0,2026-02-20
998,20,5,61.01,2026-02-23
999,20,5,58.19,2026-02-26
1000,20,5,60.99,2026-03-01
1001,21,1,104.41,2026-02-02
1002,21,1,101.47,2026-02-05
1003,21,1,98.42,2026-02-08
1004,21,1,106.17,2026-02-11
1005,21,1,104.88,2026-02-14
1006,21,1,102.18,2026-02-17
1007,21,1,98.27,2026-02-20
1008,21,1,98.16,2026-02-23
1009,21,1,104.43,2026-02-26
1010,21,1,98.9,2026-03-01
1011,21,2,94.64,2026-02-02
1012,21,2,87.45,2026-02-05
1013,21,2,89.07,2026-02-08
1014,21,2,86.76,2026-02-11
1015,21,2,91.68,2026-02-14
1016,21,2,87.17,2026-02-17
1017,21,2,92.13,2026-02-20
1018,21,2,90.33,2026-02-23
1019,21,2,90.29,2026-02-26
1020,21,2,92.31,2026-03-01
1021,21,3,87.25,2026-02-02
1022,21,3,82.47,2026-02-05
1023,21,3,86.82,2026-02-08
1024,21,3,87.31,2026-02-11
1025,21,3,82.47,2026-02-14
1026,21,3,87.39,2026-02-17
1027,21,3,86.36,2026-02-20
1028,21,3,83.39,2026-02-23
1029,21,3,86.72,2026-02-26
1030,21,3,82.34,2026-03-01
1031,21,4,97.7,2026-02-02
1032,21,4,95.23,2026-02-05
1033,21,4,90.34,2026-02-08
1034,21,4,98.05,2026-02-11
1035,21,4,96.75,2026-02-14
1036,21,4,92.69,2026-02-17
1037,21,4,90.82,2026-02-20
1038,21,4,95.35,2026-02-23
1039,21,4,89.01,2026-02-26
1040,21,4,93.44,2026-03-01
1041,21,5,89.74,2026-02-02
1042,21,5,84.63,2026-02-05
1043,21,5,82.96,2026-02-08
1044,21,5,84.67,2026-02-11
1045,21,5,90.32,2026-02-14
1046,21,5,83.4,2026-02-17
1047,21,5,85.85,2026-02-20
1048,21,5,86.92,2026-02-23
1049,21,5,84.5,2026-02-26
1050,21,5,86.82,2026-03-01
1051,22,1,108.75,2026-02-02
1052,22,1,114.32,2026-02-05
1053,22,1,108.93,2026-02-08
1054,22,1,111.79,2026-02-11
1055,22,1,107.25,2026-02-14
1056,22,1,111.7,2026-02-17
1057,22,1,106.52,2026-02-20
1058,22,1,110.67,2026-02-23
1059,22,1,114.07,2026-02-26
1060,22,1,108.96,2026-03-01
1061,22,2,124.55,2026-02-02
1062,22,2,125.03,2026-02-05
1063,22,2,121.62,2026-02-08
1064,22,2,124.1,2026-02-11
1065,22,2,128.25,2026-02-14
1066,22,2,129.73,2026-02-17
1067,22,2,129.34,2026-02-20
1068,22,2,128.75,2026-02-23
1069,22,2,121.46,2026-02-26
1070,22,2,129.95,2026-03-01
1071,22,3,107.47,2026-02-02
1072,22,3,104.76,2026-02-05
1073,22,3,107.18,2026-02-08
1074,22,3,113.63,2026-02-11
1075,22,3,108.89,2026-02-14
1076,22,3,112.91,2026-02-17
1077,22,3,110.59,2026-02-20
1078,22,3,104.29,2026-02-23
1079,22,3,110.99,2026-02-26
1080,22,3,106.55,2026-03-01
1081,22,4,121.32,2026-02-02
1082,22,4,124.61,2026-02-05
1083,22,4,121.03,2026-02-08
1084,22,4,119.49,2026-02-11
1085,22,4,118.33,2026-02-14
1086,22,4,127.95,2026-02-17
1087,22,4,126.95,2026-02-20
1088,22,4,119.77,2026-02-23
1089,22,4,117.37,2026-02-26
1090,22,4,117.98,2026-03-01
1091,22,5,132.63,2026-02-02
1092,22,5,133.63,2026-02-05
1093,22,5,126.04,2026-02-08
1094,22,5,121.55,2026-02-11
1095,22,5,123.66,2026-02-14
1096,22,5,126.29,2026-02-17
1097,22,5,130.21,2026-02-20
1098,22,5,133.58,2026-02-23
1099,22,5,128.58,2026-02-26
1100,22,5,128.88,2026-03-01
1101,23,1,18.06,2026-02-02
1102,23,1,17.9,2026-02-05
1103,23,1,18.82,2026-02-08
1104,23,1,18.39,2026-02-11
1105,23,1,19.46,2026-02-14
1106,23,1,19.22,2026-02-17
1107,23,1,18.53,2026-02-20
1108,23,1,18.05,2026-02-23
1109,23,1,18.33,2026-02-26
1110,23,1,17.7,2026-03-01
1111,23,2,21.12,2026-02-02
1112,23,2,20.46,2026-02-05
1113,23,2,19.71,2026-02-08
1114,23,2,19.57,2026-02-11
1115,23,2,19.53,2026-02-14
1116,23,2,20.87,2026-02-17
1117,23,2,21.24,2026-02-20
1118,23,2,19.55,2026-02-23
1119,23,2,19.44,2026-02-26
1120,23,2,21.37,2026-03-01
1121,23,3,19.13,2026-02-02
1122,23,3,18.48,2026-02-05
1123,23,3,17.78,2026-02-08
1124,23,3,19.28,2026-02-11
1125,23,3,19.04,2026-02-14
1126,23,3,18.84,2026-02-17
1127,23,3,18.65,2026-02-20
1128,23,3,18.79,2026-02-23
1129,23,3,18.74,2026-02-26
1130,23,3,18.58,2026-03-01
1131,23,4,20.39,2026-02-02
1132,23,4,19.44,2026-02-05
1133,23,4,19.94,2026-02-08
1134,23,4,20.36,2026-02-11
1135,23,4,19.3,2026-02-14
1136,23,4,20.76,2026-02-17
1137,23,4,20.59,2026-02-20
1138,23,4,19.8,2026-02-23
1139,23,4,20.46,2026-02-26
1140,23,4,20.27,2026-03-01
1141,23,5,19.42,2026-02-02
1142,23,5,19.99,2026-02-05
1143,23,5,18.97,2026-02-08
1144,23,5,20.4,2026-02-11
1145,23,5,19.74,2026-02-14
1146,23,5,19.94,2026-02-17
1147,23,5,20.37,2026-02-20
1148,23,5,19.13,2026-02-23
1149,23,5,20.15,2026-02-26
1150,23,5,20.06,2026-03-01
1151,24,1,46.84,2026-02-02
1152,24,1,46.73,2026-02-05
1153,24,1,48.53,2026-02-08
1154,24,1,45.82,2026-02-11
1155,24,1,45.26,2026-02-14
1156,24,1,46.2,2026-02-17
1157,24,1,45.36,2026-02-20
1158,24,1,45.2,2026-02-23
1159,24,1,48.65,2026-02-26
1160,24,1,45.09,2026-03-01
1161,24,2,51.04,2026-02-02
1162,24,2,54.27,2026-02-05
1163,24,2,53.29,2026-02-08
1164,24,2,50.86,2026-02-11
1165,24,2,53.39,2026-02-14
1166,24,2,53.6,2026-02-17
1167,24,2,51.07,2026-02-20
1168,24,2,52.28,2026-02-23
1169,24,2,52.72,2026-02-26
1170,24,2,53.53,2026-03-01
1171,24,3,54.5,2026-02-02
1172,24,3,52.71,2026-02-05
1173,24,3,54.2,2026-02-08
1174,24,3,53.3,2026-02-11
1175,24,3,53.93,2026-02-14
1176,24,3,50.45,2026-02-17
1177,24,3,52.38,2026-02-20
1178,24,3,52.4,2026-02-23
1179,24,3,54.13,2026-02-26
1180,24,3,54.71,2026-03-01
1181,24,4,53.63,2026-02-02
1182,24,4,51.35,2026-02-05
1183,24,4,51.06,2026-02-08
1184,24,4,52.22,2026-02-11
1185,24,4,51.5,2026-02-14
1186,24,4,53.67,2026-02-17
1187,24,4,49.69,2026-02-20
1188,24,4,51.14,2026-02-23
1189,24,4,49.18,2026-02-26
1190,24,4,50.62,2026-03-01
1191,24,5,50.7,2026-02-02
1192,24,5,48.87,2026-02-05
1193,24,5,48.84,2026-02-08
1194,24,5,52.22,2026-02-11
1195,24,5,53.52,2026-02-14
1196,24,5,50.98,2026-02-17
1197,24,5,49.25,2026-02-20
1198,24,5,49.32,2026-02-23
1199,24,5,53.28,2026-02-26
1200,24,5,49.08,2026-03-01
1201,25,1,53.25,2026-02-02
1202,25,1,52.78,2026-02-05
1203,25,1,56.14,2026-02-08
1204,25,1,54.09,2026-02-11
1205,25,1,54.16,2026-02-14
1206,25,1,56.76,2026-02-17
1207,25,1,56.56,2026-02-20
1208,25,1,56.19,2026-02-23
1209,25,1,52.21,2026-02-26
1210,25,1,53.55,2026-03-01
1211,25,2,47.45,2026-02-02
1212,25,2,47.51,2026-02-05
1213,25,2,46.71,2026-02-08
1214,25,2,47.34,2026-02-11
1215,25,2,48.89,2026-02-14
1216,25,2,46.7,2026-02-17
1217,25,2,46.71,2026-02-20
1218,25,2,46.57,2026-02-23
1219,25,2,47.88,2026-02-26
1220,25,2,45.18,2026-03-01
1221,25,3,52.71,2026-02-02
1222,25,3,53.31,2026-02-05
1223,25,3,55.15,2026-02-08
1224,25,3,51.51,2026-02-11
1225,25,3,56.74,2026-02-14
1226,25,3,53.77,2026-02-17
1227,25,3,55.68,2026-02-20
1228,25,3,54.04,2026-02-23
1229,25,3,51.79,2026-02-26
1230,25,3,52.79,2026-03-01
1231,25,4,48.5,2026-02-02
1232,25,4,48.24,2026-02-05
1233,25,4,47.29,2026-02-08
1234,25,4,48.06,2026-02-11
1235,25,4,46.91,2026-02-14
1236,25,4,45.34,2026-02-17
1237,25,4,48.81,2026-02-20
1238,25,4,47.72,2026-02-23
1239,25,4,45.42,2026-02-26
1240,25,4,46.24,2026-03-01
1241,25,5,47.49,2026-02-02
1242,25,5,45.19,2026-02-05
1243,25,5,45.18,2026-02-08
1244,25,5,43.13,2026-02-11
1245,25,5,46.78,2026-02-14
1246,25,5,43.33,2026-02-17
1247,25,5,45.79,2026-02-20
1248,25,5,45.9,2026-02-23
1249,25,5,45.7,2026-02-26
1250,25,5,46.8,2026-03-01
1251,26,1,378.96,2026-02-02
1252,26,1,369.88,2026-02-05
1253,26,1,361.72,2026-02-08
1254,26,1,388.81,2026-02-11
1255,26,1,372.42,2026-02-14
1256,26,1,366.62,2026-02-17
1257,26,1,372.84,2026-02-20
1258,26,1,364.77,2026-02-23
1259,26,1,358.07,2026-02-26
1260,26,1,376.42,2026-03-01
1261,26,2,330.6,2026-02-02
1262,26,2,327.65,2026-02-05
1263,26,2,314.97,2026-02-08
1264,26,2,319.36,2026-02-11
1265,26,2,334.38,2026-02-14
1266,26,2,314.42,2026-02-17
1267,26,2,315.1,2026-02-20
1268,26,2,319.84,2026-02-23
1269,26,2,311.61,2026-02-26
1270,26,2,312.32,2026-03-01
1271,26,3,369.56,2026-02-02
1272,26,3,370.37,2026-02-05
1273,26,3,373.89,2026-02-08
1274,26,3,352.56,2026-02-11
1275,26,3,361.36,2026-02-14
1276,26,3,349.63,2026-02-17
1277,26,3,383.55,2026-02-20
1278,26,3,360.36,2026-02-23
1279,26,3,368.28,2026-02-26
1280,26,3,368.68,2026-03-01
1281,26,4,321.73,2026-02-02
1282,26,4,328.55,2026-02-05
1283,26,4,328.16,2026-02-08
1284,26,4,302.69,2026-02-11
1285,26,4,305.97,2026-02-14
1286,26,4,313.13,2026-02-17
1287,26,4,317.72,2026-02-20
1288,26,4,302.81,2026-02-23
1289,26,4,324.67,2026-02-26
1290,26,4,324.7,2026-03-01
1291,26,5,331.75,2026-02-02
1292,26,5,310.63,2026-02-05
1293,26,5,308.4,2026-02-08
1294,26,5,337.11,2026-02-11
1295,26,5,317.08,2026-02-14
1296,26,5,317.76,2026-02-17
1297,26,5,333.57,2026-02-20
1298,26,5,313.98,2026-02-23
1299,26,5,334.2,2026-02-26
1300,26,5,329.14,2026-03-01
1301,27,1,59.19,2026-02-02
1302,27,1,59.01,2026-02-05
1303,27,1,60.24,2026-02-08
1304,27,1,59.65,2026-02-11
1305,27,1,58.03,2026-02-14
1306,27,1,60.3,2026-02-17
1307,27,1,59.8,2026-02-20
1308,27,1,60.89,2026-02-23
1309,27,1,55.98,2026-02-26
1310,27,1,56.3,2026-03-01
1311,27,2,65.78,2026-02-02
1312,27,2,64.06,2026-02-05
1313,27,2,64.0,2026-02-08
1314,27,2,66.43,2026-02-11
1315,27,2,67.45,2026-02-14
1316,27,2,65.23,2026-02-17
1317,27,2,62.37,2026-02-20
1318,27,2,66.09,2026-02-23
1319,27,2,63.07,2026-02-26
1320,27,2,65.13,2026-03-01
1321,27,3,64.79,2026-02-02
1322,27,3,59.27,2026-02-05
1323,27,3,59.99,2026-02-08
1324,27,3,64.54,2026-02-11
1325,27,3,62.44,2026-02-14
1326,27,3,60.7,2026-02-17
1327,27,3,61.0,2026-02-20
1328,27,3,61.71,2026-02-23
1329,27,3,64.82,2026-02-26
1330,27,3,63.09,2026-03-01
1331,27,4,65.29,2026-02-02
1332,27,4,64.77,2026-02-05
1333,27,4,61.52,2026-02-08
1334,27,4,60.62,2026-02-11
1335,27,4,65.14,2026-02-14
1336,27,4,62.94,2026-02-17
1337,27,4,64.27,2026-02-20
1338,27,4,63.44,2026-02-23
1339,27,4,61.0,2026-02-26
1340,27,4,59.64,2026-03-01
1341,27,5,54.29,2026-02-02
1342,27,5,56.71,2026-02-05
1343,27,5,53.38,2026-02-08
1344,27,5,54.58,2026-02-11
1345,27,5,52.38,2026-02-14
1346,27,5,53.16,2026-02-17
1347,27,5,52.15,2026-02-20
1348,27,5,52.55,2026-02-23
1349,27,5,52.11,2026-02-26
1350,27,5,52.24,2026-03-01
1351,28,1,58.92,2026-02-02
1352,28,1,59.76,2026-02-05
1353,28,1,55.59,2026-02-08
1354,28,1,57.14,2026-02-11
1355,28,1,59.31,2026-02-14
1356,28,1,55.64,2026-02-17
1357,28,1,57.44,2026-02-20
1358,28,1,55.72,2026-02-23
1359,28,1,57.44,2026-02-26
1360,28,1,60.63,2026-03-01
1361,28,2,49.73,2026-02-02
1362,28,2,50.35,2026-02-05
1363,28,2,51.3,2026-02-08
1364,28,2,48.18,2026-02-11
1365,28,2,51.61,2026-02-14
1366,28,2,51.28,2026-02-17
1367,28,2,47.74,2026-02-20
1368,28,2,50.36,2026-02-23
1369,28,2,51.17,2026-02-26
1370,28,2,52.23,2026-03-01
1371,28,3,56.27,2026-02-02
1372,28,3,55.91,2026-02-05
1373,28,3,51.34,2026-02-08
1374,28,3,52.91,2026-02-11
1375,28,3,54.73,2026-02-14
1376,28,3,52.89,2026-02-17
1377,28,3,53.44,2026-02-20
1378,28,3,55.03,2026-02-23
1379,28,3,55.71,2026-02-26
1380,28,3,52.05,2026-03-01
1381,28,4,48.26,2026-02-02
1382,28,4,49.85,2026-02-05
1383,28,4,51.39,2026-02-08
1384,28,4,48.99,2026-02-11
1385,28,4,49.01,2026-02-14
1386,28,4,48.93,2026-02-17
1387,28,4,50.6,2026-02-20
1388,28,4,51.52,2026-02-23
1389,28,4,47.98,2026-02-26
1390,28,4,52.09,2026-03-01
1391,28,5,54.31,2026-02-02
1392,28,5,56.48,2026-02-05
1393,28,5,57.57,2026-02-08
1394,28,5,55.69,2026-02-11
1395,28,5,53.21,2026-02-14
1396,28,5,56.64,2026-02-17
1397,28,5,56.67,2026-02-20
1398,28,5,56.1,2026-02-23
1399,28,5,56.97,2026-02-26
1400,28,5,56.15,2026-03-01
1401,29,1,87.76,2026-02-02
1402,29,1,85.52,2026-02-05
1403,29,1,85.34,2026-02-08
1404,29,1,88.01,2026-02-11
1405,29,1,84.0,2026-02-14
1406,29,1,90.21,2026-02-17
1407,29,1,91.67,2026-02-20
1408,29,1,84.44,2026-02-23
1409,29,1,88.63,2026-02-26
1410,29,1,86.63,2026-03-01
1411,29,2,102.93,2026-02-02
1412,29,2,99.85,2026-02-05
1413,29,2,94.89,2026-02-08
1414,29,2,99.05,2026-02-11
1415,29,2,95.71,2026-02-14
1416,29,2,101.36,2026-02-17
1417,29,2,96.24,2026-02-20
1418,29,2,99.67,2026-02-23
1419,29,2,100.96,2026-02-26
1420,29,2,102.59,2026-03-01
1421,29,3,100.12,2026-02-02
1422,29,3,99.38,2026-02-05
1423,29,3,96.96,2026-02-08
1424,29,3,95.24,2026-02-11
1425,29,3,98.71,2026-02-14
1426,29,3,96.11,2026-02-17
1427,29,3,100.16,2026-02-20
1428,29,3,93.91,2026-02-23
1429,29,3,100.67,2026-02-26
1430,29,3,100.56,2026-03-01
1431,29,4,85.47,2026-02-02
1432,29,4,90.55,2026-02-05
1433,29,4,83.83,2026-02-08
1434,29,4,89.41,2026-02-11
1435,29,4,83.74,2026-02-14
1436,29,4,90.7,2026-02-17
1437,29,4,91.64,2026-02-20
1438,29,4,89.53,2026-02-23
1439,29,4,86.69,2026-02-26
1440,29,4,85.61,2026-03-01
1441,29,5,91.34,2026-02-02
1442,29,5,86.68,2026-02-05
1443,29,5,89.15,2026-02-08
1444,29,5,90.93,2026-02-11
1445,29,5,83.65,2026-02-14
1446,29,5,83.56,2026-02-17
1447,29,5,89.61,2026-02-20
1448,29,5,85.5,2026-02-23
1449,29,5,86.49,2026-02-26
1450,29,5,86.24,2026-03-01
1451,30,1,19.26,2026-02-02
1452,30,1,20.45,2026-02-05
1453,30,1,19.7,2026-02-08
1454,30,1,20.65,2026-02-11
1455,30,1,20.27,2026-02-14
1456,30,1,19.66,2026-02-17
1457,30,1,20.55,2026-02-20
1458,30,1,20.23,2026-02-23
1459,30,1,20.59,2026-02-26
1460,30,1,18.98,2026-03-01
1461,30,2,18.41,2026-02-02
1462,30,2,18.25,2026-02-05
1463,30,2,19.91,2026-02-08
1464,30,2,18.72,2026-02-11
1465,30,2,18.85,2026-02-14
1466,30,2,19.41,2026-02-17
1467,30,2,20.08,2026-02-20
1468,30,2,18.65,2026-02-23
1469,30,2,18.34,2026-02-26
1470,30,2,19.74,2026-03-01
1471,30,3,21.91,2026-02-02
1472,30,3,20.44,2026-02-05
1473,30,3,22.0,2026-02-08
1474,30,3,21.28,2026-02-11
1475,30,3,21.27,2026-02-14
1476,30,3,20.64,2026-02-17
1477,30,3,22.34,2026-02-20
1478,30,3,21.81,2026-02-23
1479,30,3,22.06,2026-02-26
1480,30,3,20.66,2026-03-01
1481,30,4,20.86,2026-02-02
1482,30,4,21.22,2026-02-05
1483,30,4,21.66,2026-02-08
1484,30,4,21.33,2026-02-11
1485,30,4,22.19,2026-02-14
1486,30,4,21.57,2026-02-17
1487,30,4,21.43,2026-02-20
1488,30,4,21.46,2026-02-23
1489,30,4,21.96,2026-02-26
1490,30,4,22.01,2026-03-01
1491,30,5,19.27,2026-02-02
1492,30,5,20.36,2026-02-05
1493,30,5,19.76,2026-02-08
1494,30,5,19.0,2026-02-11
1495,30,5,19.84,2026-02-14
1496,30,5,18.64,2026-02-17
1497,30,5,18.87,2026-02-20
1498,30,5,19.78,2026-02-23
1499,30,5,19.74,2026-02-26
1500,30,5,19.98,2026-03-01
1501,31,1,54.91,2026-02-02
1502,31,1,59.78,2026-02-05
1503,31,1,55.01,2026-02-08
1504,31,1,55.27,2026-02-11
1505,31,1,60.14,2026-02-14
1506,31,1,60.22,2026-02-17
1507,31,1,57.66,2026-02-20
1508,31,1,54.65,2026-02-23
1509,31,1,55.92,2026-02-26
1510,31,1,57.74,2026-03-01
1511,31,2,56.73,2026-02-02
1512,31,2,59.26,2026-02-05
1513,31,2,56.64,2026-02-08
1514,31,2,58.39,2026-02-11
1515,31,2,59.05,2026-02-14
1516,31,2,54.08,2026-02-17
1517,31,2,59.13,2026-02-20
1518,31,2,58.46,2026-02-23
1519,31,2,59.14,2026-02-26
1520,31,2,54.91,2026-03-01
1521,31,3,51.32,2026-02-02
1522,31,3,47.86,2026-02-05
1523,31,3,49.14,2026-02-08
1524,31,3,52.65,2026-02-11
1525,31,3,48.77,2026-02-14
1526,31,3,48.03,2026-02-17
1527,31,3,51.76,2026-02-20
1528,31,3,52.57,2026-02-23
1529,31,3,49.13,2026-02-26
1530,31,3,49.42,2026-03-01
1531,31,4,49.73,2026-02-02
1532,31,4,48.87,2026-02-05
1533,31,4,49.11,2026-02-08
1534,31,4,49.51,2026-02-11
1535,31,4,52.42,2026-02-14
1536,31,4,51.19,2026-02-17
1537,31,4,48.8,2026-02-20
1538,31,4,49.57,2026-02-23
1539,31,4,50.16,2026-02-26
1540,31,4,49.38,2026-03-01
1541,31,5,52.5,2026-02-02
1542,31,5,53.11,2026-02-05
1543,31,5,52.71,2026-02-08
1544,31,5,53.2,2026-02-11
1545,31,5,51.85,2026-02-14
1546,31,5,49.83,2026-02-17
1547,31,5,51.17,2026-02-20
1548,31,5,53.66,2026-02-23
1549,31,5,52.15,2026-02-26
1550,31,5,52.34,2026-03-01
1551,32,1,51.03,2026-02-02
1552,32,1,50.23,2026-02-05
1553,32,1,47.38,2026-02-08
1554,32,1,50.02,2026-02-11
1555,32,1,47.12,2026-02-14
1556,32,1,50.49,2026-02-17
1557,32,1,48.95,2026-02-20
1558,32,1,49.71,2026-02-23
1559,32,1,50.33,2026-02-26
1560,32,1,49.14,2026-03-01
1561,32,2,46.3,2026-02-02
1562,32,2,46.87,2026-02-05
1563,32,2,46.39,2026-02-08
1564,32,2,47.2,2026-02-11
1565,32,2,46.37,2026-02-14
1566,32,2,45.78,2026-02-17
1567,32,2,46.72,2026-02-20
1568,32,2,45.95,2026-02-23
1569,32,2,48.02,2026-02-26
1570,32,2,47.87,2026-03-01
1571,32,3,47.62,2026-02-02
1572,32,3,46.21,2026-02-05
1573,32,3,50.62,2026-02-08
1574,32,3,47.19,2026-02-11
1575,32,3,49.09,2026-02-14
1576,32,3,49.9,2026-02-17
1577,32,3,46.25,2026-02-20
1578,32,3,49.76,2026-02-23
1579,32,3,49.11,2026-02-26
1580,32,3,50.37,2026-03-01
1581,32,4,46.26,2026-02-02
1582,32,4,49.01,2026-02-05
1583,32,4,49.09,2026-02-08
1584,32,4,46.67,2026-02-11
1585,32,4,47.81,2026-02-14
1586,32,4,47.73,2026-02-17
1587,32,4,49.76,2026-02-20
1588,32,4,45.33,2026-02-23
1589,32,4,48.61,2026-02-26
1590,32,4,46.75,2026-03-01
1591,32,5,40.94,2026-02-02
1592,32,5,41.77,2026-02-05
1593,32,5,43.08,2026-02-08
1594,32,5,40.87,2026-02-11
1595,32,5,43.03,2026-02-14
1596,32,5,40.98,2026-02-17
1597,32,5,44.23,2026-02-20
1598,32,5,43.85,2026-02-23
1599,32,5,42.98,2026-02-26
1600,32,5,44.08,2026-03-01
1601,33,1,19.02,2026-02-02
1602,33,1,19.99,2026-02-05
1603,33,1,19.15,2026-02-08
1604,33,1,19.12,2026-02-11
1605,33,1,19.68,2026-02-14
1606,33,1,19.05,2026-02-17
1607,33,1,19.03,2026-02-20
1608,33,1,19.6,2026-02-23
1609,33,1,19.33,2026-02-26
1610,33,1,18.91,2026-03-01
1611,33,2,20.19,2026-02-02
1612,33,2,20.22,2026-02-05
1613,33,2,20.54,2026-02-08
1614,33,2,19.85,2026-02-11
1615,33,2,20.93,2026-02-14
1616,33,2,21.13,2026-02-17
1617,33,2,19.98,2026-02-20
1618,33,2,20.69,2026-02-23
1619,33,2,19.63,2026-02-26
1620,33,2,19.89,2026-03-01
1621,33,3,20.28,2026-02-02
1622,33,3,20.21,2026-02-05
1623,33,3,20.01,2026-02-08
1624,33,3,20.56,2026-02-11
1625,33,3,19.47,2026-02-14
1626,33,3,20.07,2026-02-17
1627,33,3,18.96,2026-02-20
1628,33,3,19.48,2026-02-23
1629,33,3,20.14,2026-02-26
1630,33,3,19.57,2026-03-01
1631,33,4,21.02,2026-02-02
1632,33,4,19.69,2026-02-05
1633,33,4,19.71,2026-02-08
1634,33,4,20.06,2026-02-11
1635,33,4,20.23,2026-02-14
1636,33,4,20.17,2026-02-17
1637,33,4,19.35,2026-02-20
1638,33,4,19.43,2026-02-23
1639,33,4,21.1,2026-02-26
1640,33,4,19.76,2026-03-01
1641,33,5,22.01,2026-02-02
1642,33,5,21.58,2026-02-05
1643,33,5,20.86,2026-02-08
1644,33,5,20.15,2026-02-11
1645,33,5,21.65,2026-02-14
1646,33,5,22.11,2026-02-17
1647,33,5,20.97,2026-02-20
1648,33,5,21.35,2026-02-23
1649,33,5,20.61,2026-02-26
1650,33,5,20.57,2026-03-01
1651,34,1,87.57,2026-02-02
1652,34,1,92.02,2026-02-05
1653,34,1,95.28,2026-02-08
1654,34,1,94.14,2026-02-11
1655,34,1,91.67,2026-02-14
1656,34,1,86.97,2026-02-17
1657,34,1,88.24,2026-02-20
1658,34,1,94.22,2026-02-23
1659,34,1,87.12,2026-02-26
1660,34,1,90.44,2026-03-01
1661,34,2,82.48,2026-02-02
1662,34,2,86.81,2026-02-05
1663,34,2,84.38,2026-02-08
1664,34,2,85.62,2026-02-11
1665,34,2,79.93,2026-02-14
1666,34,2,83.72,2026-02-17
1667,34,2,86.81,2026-02-20
1668,34,2,84.86,2026-02-23
1669,34,2,82.66,2026-02-26
1670,34,2,87.31,2026-03-01
1671,34,3,76.04,2026-02-02
1672,34,3,78.69,2026-02-05
1673,34,3,76.6,2026-02-08
1674,34,3,81.51,2026-02-11
1675,34,3,75.6,2026-02-14
1676,34,3,77.37,2026-02-17
1677,34,3,77.12,2026-02-20
1678,34,3,79.83,2026-02-23
1679,34,3,82.88,2026-02-26
1680,34,3,77.86,2026-03-01
1681,34,4,81.19,2026-02-02
1682,34,4,81.78,2026-02-05
1683,34,4,78.74,2026-02-08
1684,34,4,84.97,2026-02-11
1685,34,4,82.69,2026-02-14
1686,34,4,78.13,2026-02-17
1687,34,4,82.08,2026-02-20
1688,34,4,84.97,2026-02-23
1689,34,4,79.78,2026-02-26
1690,34,4,81.73,2026-03-01
1691,34,5,87.79,2026-02-02
1692,34,5,89.02,2026-02-05
1693,34,5,93.8,2026-02-08
1694,34,5,90.97,2026-02-11
1695,34,5,92.75,2026-02-14
1696,34,5,93.62,2026-02-17
1697,34,5,87.25,2026-02-20
1698,34,5,89.67,2026-02-23
1699,34,5,86.44,2026-02-26
1700,34,5,91.66,2026-03-01
1701,35,1,233.55,2026-02-02
1702,35,1,252.64,2026-02-05
1703,35,1,233.46,2026-02-08
1704,35,1,241.96,2026-02-11
1705,35,1,241.5,2026-02-14
1706,35,1,231.06,2026-02-17
1707,35,1,238.22,2026-02-20
1708,35,1,244.97,2026-02-23
1709,35,1,236.17,2026-02-26
1710,35,1,238.48,2026-03-01
1711,35,2,274.17,2026-02-02
1712,35,2,264.09,2026-02-05
1713,35,2,262.52,2026-02-08
1714,35,2,266.06,2026-02-11
1715,35,2,267.57,2026-02-14
1716,35,2,270.36,2026-02-17
1717,35,2,264.04,2026-02-20
1718,35,2,259.37,2026-02-23
1719,35,2,261.41,2026-02-26
1720,35,2,273.39,2026-03-01
1721,35,3,275.87,2026-02-02
1722,35,3,277.32,2026-02-05
1723,35,3,261.88,2026-02-08
1724,35,3,283.31,2026-02-11
1725,35,3,267.32,2026-02-14
1726,35,3,270.44,2026-02-17
1727,35,3,277.24,2026-02-20
1728,35,3,276.07,2026-02-23
1729,35,3,277.85,2026-02-26
1730,35,3,258.27,2026-03-01
1731,35,4,238.69,2026-02-02
1732,35,4,235.77,2026-02-05
1733,35,4,217.77,2026-02-08
1734,35,4,221.98,2026-02-11
1735,35,4,226.99,2026-02-14
1736,35,4,221.54,2026-02-17
1737,35,4,221.74,2026-02-20
1738,35,4,239.19,2026-02-23
1739,35,4,230.91,2026-02-26
1740,35,4,226.23,2026-03-01
1741,35,5,253.65,2026-02-02
1742,35,5,253.63,2026-02-05
1743,35,5,253.03,2026-02-08
1744,35,5,270.75,2026-02-11
1745,35,5,251.57,2026-02-14
1746,35,5,251.9,2026-02-17
1747,35,5,271.32,2026-02-20
1748,35,5,269.61,2026-02-23
1749,35,5,261.32,2026-02-26
1750,35,5,248.69,2026-03-01
1751,36,1,64.15,2026-02-02
1752,36,1,60.56,2026-02-05
1753,36,1,60.91,2026-02-08
1754,36,1,64.04,2026-02-11
1755,36,1,64.22,2026-02-14
1756,36,1,64.55,2026-02-17
1757,36,1,62.88,2026-02-20
1758,36,1,60.52,2026-02-23
1759,36,1,64.4,2026-02-26
1760,36,1,64.01,2026-03-01
1761,36,2,59.98,2026-02-02
1762,36,2,58.39,2026-02-05
1763,36,2,57.73,2026-02-08
1764,36,2,57.48,2026-02-11
1765,36,2,58.53,2026-02-14
1766,36,2,62.2,2026-02-17
1767,36,2,61.43,2026-02-20
1768,36,2,59.84,2026-02-23
1769,36,2,59.74,2026-02-26
1770,36,2,62.41,2026-03-01
1771,36,3,62.7,2026-02-02
1772,36,3,62.88,2026-02-05
1773,36,3,64.74,2026-02-08
1774,36,3,66.77,2026-02-11
1775,36,3,67.53,2026-02-14
1776,36,3,67.02,2026-02-17
1777,36,3,66.44,2026-02-20
1778,36,3,66.52,2026-02-23
1779,36,3,63.85,2026-02-26
1780,36,3,63.52,2026-03-01
1781,36,4,58.85,2026-02-02
1782,36,4,63.28,2026-02-05
1783,36,4,61.58,2026-02-08
1784,36,4,58.95,2026-02-11
1785,36,4,63.45,2026-02-14
1786,36,4,59.54,2026-02-17
1787,36,4,58.5,2026-02-20
1788,36,4,59.31,2026-02-23
1789,36,4,61.52,2026-02-26
1790,36,4,61.76,2026-03-01
1791,36,5,54.4,2026-02-02
1792,36,5,54.6,2026-02-05
1793,36,5,55.44,2026-02-08
1794,36,5,55.82,2026-02-11
1795,36,5,53.78,2026-02-14
1796,36,5,55.54,2026-02-17
1797,36,5,57.27,2026-02-20
1798,36,5,54.75,2026-02-23
1799,36,5,57.26,2026-02-26
1800,36,5,56.52,2026-03-01
1801,37,1,255.82,2026-02-02
1802,37,1,243.73,2026-02-05
1803,37,1,263.29,2026-02-08
1804,37,1,266.05,2026-02-11
1805,37,1,266.65,2026-02-14
1806,37,1,248.41,2026-02-17
1807,37,1,250.45,2026-02-20
1808,37,1,251.03,2026-02-23
1809,37,1,258.23,2026-02-26
1810,37,1,262.64,2026-03-01
1811,37,2,262.49,2026-02-02
1812,37,2,270.32,2026-02-05
1813,37,2,270.25,2026-02-08
1814,37,2,273.91,2026-02-11
1815,37,2,265.34,2026-02-14
1816,37,2,258.0,2026-02-17
1817,37,2,265.38,2026-02-20
1818,37,2,252.76,2026-02-23
1819,37,2,250.14,2026-02-26
1820,37,2,255.22,2026-03-01
1821,37,3,255.31,2026-02-02
1822,37,3,251.97,2026-02-05
1823,37,3,256.62,2026-02-08
1824,37,3,260.03,2026-02-11
1825,37,3,256.08,2026-02-14
1826,37,3,256.98,2026-02-17
1827,37,3,250.35,2026-02-20
1828,37,3,269.17,2026-02-23
1829,37,3,268.57,2026-02-26
1830,37,3,266.35,2026-03-01
1831,37,4,284.33,2026-02-02
1832,37,4,266.74,2026-02-05
1833,37,4,268.08,2026-02-08
1834,37,4,274.52,2026-02-11
1835,37,4,264.6,2026-02-14
1836,37,4,264.71,2026-02-17
1837,37,4,279.68,2026-02-20
1838,37,4,275.07,2026-02-23
1839,37,4,282.93,2026-02-26
1840,37,4,275.13,2026-03-01
1841,37,5,286.21,2026-02-02
1842,37,5,305.68,2026-02-05
1843,37,5,305.88,2026-02-08
1844,37,5,294.68,2026-02-11
1845,37,5,303.74,2026-02-14
1846,37,5,286.63,2026-02-17
1847,37,5,284.08,2026-02-20
1848,37,5,303.21,2026-02-23
1849,37,5,308.95,2026-02-26
1850,37,5,293.0,2026-03-01
1851,38,1,73.18,2026-02-02
1852,38,1,74.19,2026-02-05
1853,38,1,73.54,2026-02-08
1854,38,1,74.43,2026-02-11
1855,38,1,76.49,2026-02-14
1856,38,1,74.84,2026-02-17
1857,38,1,74.24,2026-02-20
1858,38,1,76.7,2026-02-23
1859,38,1,72.69,2026-02-26
1860,38,1,74.32,2026-03-01
1861,38,2,85.3,2026-02-02
1862,38,2,87.67,2026-02-05
1863,38,2,91.45,2026-02-08
1864,38,2,90.75,2026-02-11
1865,38,2,89.17,2026-02-14
1866,38,2,87.49,2026-02-17
1867,38,2,84.92,2026-02-20
1868,38,2,83.66,2026-02-23
1869,38,2,83.75,2026-02-26
1870,38,2,83.3,2026-03-01
1871,38,3,86.38,2026-02-02
1872,38,3,82.22,2026-02-05
1873,38,3,86.73,2026-02-08
1874,38,3,81.17,2026-02-11
1875,38,3,81.89,2026-02-14
1876,38,3,87.56,2026-02-17
1877,38,3,88.89,2026-02-20
1878,38,3,84.03,2026-02-23
1879,38,3,85.72,2026-02-26
1880,38,3,81.36,2026-03-01
1881,38,4,78.04,2026-02-02
1882,38,4,82.45,2026-02-05
1883,38,4,78.83,2026-02-08
1884,38,4,79.04,2026-02-11
1885,38,4,83.35,2026-02-14
1886,38,4,81.23,2026-02-17
1887,38,4,83.71,2026-02-20
1888,38,4,83.73,2026-02-23
1889,38,4,77.66,2026-02-26
1890,38,4,79.8,2026-03-01
1891,38,5,71.47,2026-02-02
1892,38,5,75.58,2026-02-05
1893,38,5,71.18,2026-02-08
1894,38,5,72.13,2026-02-11
1895,38,5,70.51,2026-02-14
1896,38,5,75.48,2026-02-17
1897,38,5,74.25,2026-02-20
1898,38,5,71.24,2026-02-23
1899,38,5,72.23,2026-02-26
1900,38,5,76.74,2026-03-01
1901,39,1,110.87,2026-02-02
1902,39,1,119.67,2026-02-05
1903,39,1,112.22,2026-02-08
1904,39,1,116.44,2026-02-11
1905,39,1,112.44,2026-02-14
1906,39,1,119.77,2026-02-17
1907,39,1,119.45,2026-02-20
1908,39,1,112.86,2026-02-23
1909,39,1,121.25,2026-02-26
1910,39,1,118.47,2026-03-01
1911,39,2,109.63,2026-02-02
1912,39,2,108.89,2026-02-05
1913,39,2,118.95,2026-02-08
1914,39,2,109.29,2026-02-11
1915,39,2,114.88,2026-02-14
1916,39,2,112.64,2026-02-17
1917,39,2,109.65,2026-02-20
1918,39,2,115.78,2026-02-23
1919,39,2,109.58,2026-02-26
1920,39,2,118.79,2026-03-01
1921,39,3,98.76,2026-02-02
1922,39,3,99.22,2026-02-05
1923,39,3,101.62,2026-02-08
1924,39,3,104.83,2026-02-11
1925,39,3,100.94,2026-02-14
1926,39,3,103.15,2026-02-17
1927,39,3,100.04,2026-02-20
1928,39,3,102.83,2026-02-23
1929,39,3,100.07,2026-02-26
1930,39,3,97.7,2026-03-01
1931,39,4,112.01,2026-02-02
1932,39,4,109.15,2026-02-05
1933,39,4,113.87,2026-02-08
1934,39,4,117.56,2026-02-11
1935,39,4,116.32,2026-02-14
1936,39,4,110.43,2026-02-17
1937,39,4,112.96,2026-02-20
1938,39,4,115.86,2026-02-23
1939,39,4,119.26,2026-02-26
1940,39,4,114.41,2026-03-01
1941,39,5,116.54,2026-02-02
1942,39,5,117.25,2026-02-05
1943,39,5,116.99,2026-02-08
1944,39,5,110.47,2026-02-11
1945,39,5,118.73,2026-02-14
1946,39,5,118.95,2026-02-17
1947,39,5,118.35,2026-02-20
1948,39,5,119.47,2026-02-23
1949,39,5,112.46,2026-02-26
1950,39,5,116.47,2026-03-01
1951,40,1,21.01,2026-02-02
1952,40,1,20.4,2026-02-05
1953,40,1,21.13,2026-02-08
1954,40,1,21.04,2026-02-11
1955,40,1,19.34,2026-02-14
1956,40,1,20.58,2026-02-17
1957,40,1,20.04,2026-02-20
1958,40,1,20.51,2026-02-23
1959,40,1,20.8,2026-02-26
1960,40,1,19.93,2026-03-01
1961,40,2,20.39,2026-02-02
1962,40,2,18.99,2026-02-05
1963,40,2,19.86,2026-02-08
1964,40,2,20.09,2026-02-11
1965,40,2,19.84,2026-02-14
1966,40,2,20.31,2026-02-17
1967,40,2,19.38,2026-02-20
1968,40,2,19.14,2026-02-23
1969,40,2,19.13,2026-02-26
1970,40,2,19.72,2026-03-01
1971,40,3,22.62,2026-02-02
1972,40,3,21.75,2026-02-05
1973,40,3,21.61,2026-02-08
1974,40,3,21.36,2026-02-11
1975,40,3,21.03,2026-02-14
1976,40,3,21.9,2026-02-17
1977,40,3,20.89,2026-02-20
1978,40,3,21.57,2026-02-23
1979,40,3,21.73,2026-02-26
1980,40,3,20.78,2026-03-01
1981,40,4,20.29,2026-02-02
1982,40,4,18.74,2026-02-05
1983,40,4,20.09,2026-02-08
1984,40,4,19.16,2026-02-11
1985,40,4,19.41,2026-02-14
1986,40,4,18.84,2026-02-17
1987,40,4,18.79,2026-02-20
1988,40,4,19.59,2026-02-23
1989,40,4,19.1,2026-02-26
1990,40,4,20.11,2026-03-01
1991,40,5,19.23,2026-02-02
1992,40,5,18.88,2026-02-05
1993,40,5,18.91,2026-02-08
1994,40,5,19.27,2026-02-11
1995,40,5,20.18,2026-02-14
1996,40,5,20.31,2026-02-17
1997,40,5,20.46,2026-02-20
1998,40,5,19.19,2026-02-23
1999,40,5,19.2,2026-02-26
2000,40,5,20.3,2026-03-01
2001,41,1,58.82,2026-02-02
2002,41,1,60.28,2026-02-05
2003,41,1,60.93,2026-02-08
2004,41,1,57.57,2026-02-11
2005,41,1,55.34,2026-02-14
2006,41,1,60.26,2026-02-17
2007,41,1,55.89,2026-02-20
2008,41,1,56.72,2026-02-23
2009,41,1,58.58,2026-02-26
2010,41,1,59.11,2026-03-01
2011,41,2,58.62,2026-02-02
2012,41,2,60.39,2026-02-05
2013,41,2,58.95,2026-02-08
2014,41,2,59.06,2026-02-11
2015,41,2,58.56,2026-02-14
2016,41,2,55.5,2026-02-17
2017,41,2,59.06,2026-02-20
2018,41,2,56.18,2026-02-23
2019,41,2,57.12,2026-02-26
2020,41,2,57.68,2026-03-01
2021,41,3,51.9,2026-02-02
2022,41,3,52.06,2026-02-05
2023,41,3,52.11,2026-02-08
2024,41,3,54.25,2026-02-11
2025,41,3,54.13,2026-02-14
2026,41,3,55.47,2026-02-17
2027,41,3,54.78,2026-02-20
2028,41,3,50.8,2026-02-23
2029,41,3,53.96,2026-02-26
2030,41,3,53.1,2026-03-01
2031,41,4,54.36,2026-02-02
2032,41,4,59.25,2026-02-05
2033,41,4,59.33,2026-02-08
2034,41,4,54.93,2026-02-11
2035,41,4,56.41,2026-02-14
2036,41,4,56.03,2026-02-17
2037,41,4,57.18,2026-02-20
2038,41,4,55.12,2026-02-23
2039,41,4,57.72,2026-02-26
2040,41,4,56.88,2026-03-01
2041,41,5,59.82,2026-02-02
2042,41,5,56.98,2026-02-05
2043,41,5,62.55,2026-02-08
2044,41,5,58.56,2026-02-11
2045,41,5,58.06,2026-02-14
2046,41,5,62.44,2026-02-17
2047,41,5,59.98,2026-02-20
2048,41,5,62.91,2026-02-23
2049,41,5,57.97,2026-02-26
2050,41,5,60.47,2026-03-01
2051,42,1,19.99,2026-02-02
2052,42,1,19.23,2026-02-05
2053,42,1,20.28,2026-02-08
2054,42,1,18.8,2026-02-11
2055,42,1,19.84,2026-02-14
2056,42,1,19.56,2026-02-17
2057,42,1,18.92,2026-02-20
2058,42,1,20.63,2026-02-23
2059,42,1,20.02,2026-02-26
2060,42,1,19.73,2026-03-01
2061,42,2,19.43,2026-02-02
2062,42,2,20.5,2026-02-05
2063,42,2,19.36,2026-02-08
2064,42,2,20.37,2026-02-11
2065,42,2,19.7,2026-02-14
2066,42,2,18.82,2026-02-17
2067,42,2,19.77,2026-02-20
2068,42,2,20.49,2026-02-23
2069,42,2,19.12,2026-02-26
2070,42,2,20.32,2026-03-01
2071,42,3,16.1,2026-02-02
2072,42,3,16.45,2026-02-05
2073,42,3,16.72,2026-02-08
2074,42,3,17.09,2026-02-11
2075,42,3,16.56,2026-02-14
2076,42,3,17.19,2026-02-17
2077,42,3,16.87,2026-02-20
2078,42,3,16.19,2026-02-23
2079,42,3,16.74,2026-02-26
2080,42,3,16.05,2026-03-01
2081,42,4,19.36,2026-02-02
2082,42,4,19.64,2026-02-05
2083,42,4,20.24,2026-02-08
2084,42,4,19.22,2026-02-11
2085,42,4,19.76,2026-02-14
2086,42,4,19.14,2026-02-17
2087,42,4,19.06,2026-02-20
2088,42,4,19.98,2026-02-23
2089,42,4,19.36,2026-02-26
2090,42,4,18.66,2026-03-01
2091,42,5,19.77,2026-02-02
2092,42,5,19.53,2026-02-05
2093,42,5,19.35,2026-02-08
2094,42,5,18.87,2026-02-11
2095,42,5,20.3,2026-02-14
2096,42,5,18.64,2026-02-17
2097,42,5,19.1,2026-02-20
2098,42,5,19.6,2026-02-23
2099,42,5,19.85,2026-02-26
2100,42,5,20.21,2026-03-01
2101,43,1,103.48,2026-02-02
2102,43,1,106.89,2026-02-05
2103,43,1,110.41,2026-02-08
2104,43,1,106.93,2026-02-11
2105,43,1,111.42,2026-02-14
2106,43,1,111.86,2026-02-17
2107,43,1,103.97,2026-02-20
2108,43,1,107.52,2026-02-23
2109,43,1,102.78,2026-02-26
2110,43,1,108.41,2026-03-01
2111,43,2,112.14,2026-02-02
2112,43,2,115.53,2026-02-05
2113,43,2,112.76,2026-02-08
2114,43,2,119.85,2026-02-11
2115,43,2,118.77,2026-02-14
2116,43,2,118.66,2026-02-17
2117,43,2,109.74,2026-02-20
2118,43,2,115.54,2026-02-23
2119,43,2,118.11,2026-02-26
2120,43,2,118.18,2026-03-01
2121,43,3,119.59,2026-02-02
2122,43,3,110.83,2026-02-05
2123,43,3,110.95,2026-02-08
2124,43,3,117.22,2026-02-11
2125,43,3,117.44,2026-02-14
2126,43,3,110.28,2026-02-17
2127,43,3,113.56,2026-02-20
2128,43,3,118.58,2026-02-23
2129,43,3,117.98,2026-02-26
2130,43,3,118.55,2026-03-01
2131,43,4,107.8,2026-02-02
2132,43,4,106.04,2026-02-05
2133,43,4,111.73,2026-02-08
2134,43,4,110.09,2026-02-11
2135,43,4,103.96,2026-02-14
2136,43,4,110.34,2026-02-17
2137,43,4,106.87,2026-02-20
2138,43,4,112.41,2026-02-23
2139,43,4,105.52,2026-02-26
2140,43,4,104.71,2026-03-01
2141,43,5,118.84,2026-02-02
2142,43,5,109.06,2026-02-05
2143,43,5,108.34,2026-02-08
2144,43,5,114.84,2026-02-11
2145,43,5,110.99,2026-02-14
2146,43,5,113.23,2026-02-17
2147,43,5,110.74,2026-02-20
2148,43,5,116.61,2026-02-23
2149,43,5,117.25,2026-02-26
2150,43,5,116.05,2026-03-01
2151,44,1,123.75,2026-02-02
2152,44,1,124.9,2026-02-05
2153,44,1,132.96,2026-02-08
2154,44,1,125.11,2026-02-11
2155,44,1,123.65,2026-02-14
2156,44,1,125.68,2026-02-17
2157,44,1,122.48,2026-02-20
2158,44,1,134.51,2026-02-23
2159,44,1,134.0,2026-02-26
2160,44,1,126.94,2026-03-01
2161,44,2,116.59,2026-02-02
2162,44,2,119.21,2026-02-05
2163,44,2,113.57,2026-02-08
2164,44,2,119.45,2026-02-11
2165,44,2,117.34,2026-02-14
2166,44,2,118.02,2026-02-17
2167,44,2,116.1,2026-02-20
2168,44,2,115.0,2026-02-23
2169,44,2,116.14,2026-02-26
2170,44,2,119.54,2026-03-01
2171,44,3,113.8,2026-02-02
2172,44,3,116.22,2026-02-05
2173,44,3,119.9,2026-02-08
2174,44,3,110.56,2026-02-11
2175,44,3,109.92,2026-02-14
2176,44,3,115.62,2026-02-17
2177,44,3,111.06,2026-02-20
2178,44,3,120.66,2026-02-23
2179,44,3,112.17,2026-02-26
2180,44,3,114.93,2026-03-01
2181,44,4,125.67,2026-02-02
2182,44,4,126.38,2026-02-05
2183,44,4,132.37,2026-02-08
2184,44,4,127.48,2026-02-11
2185,44,4,127.55,2026-02-14
2186,44,4,120.43,2026-02-17
2187,44,4,126.82,2026-02-20
2188,44,4,125.93,2026-02-23
2189,44,4,126.13,2026-02-26
2190,44,4,123.74,2026-03-01
2191,44,5,136.53,2026-02-02
2192,44,5,130.87,2026-02-05
2193,44,5,126.95,2026-02-08
2194,44,5,131.21,2026-02-11
2195,44,5,134.65,2026-02-14
2196,44,5,127.62,2026-02-17
2197,44,5,136.65,2026-02-20
2198,44,5,131.48,2026-02-23
2199,44,5,133.25,2026-02-26
2200,44,5,126.86,2026-03-01
2201,45,1,53.0,2026-02-02
2202,45,1,50.21,2026-02-05
2203,45,1,50.75,2026-02-08
2204,45,1,53.74,2026-02-11
2205,45,1,50.24,2026-02-14
2206,45,1,49.29,2026-02-17
2207,45,1,49.41,2026-02-20
2208,45,1,50.84,2026-02-23
2209,45,1,53.74,2026-02-26
2210,45,1,50.93,2026-03-01
2211,45,2,59.0,2026-02-02
2212,45,2,54.3,2026-02-05
2213,45,2,56.1,2026-02-08
2214,45,2,57.01,2026-02-11
2215,45,2,57.73,2026-02-14
2216,45,2,55.42,2026-02-17
2217,45,2,57.64,2026-02-20
2218,45,2,57.26,2026-02-23
2219,45,2,56.44,2026-02-26
2220,45,2,59.5,2026-03-01
2221,45,3,59.88,2026-02-02
2222,45,3,57.35,2026-02-05
2223,45,3,59.86,2026-02-08
2224,45,3,56.88,2026-02-11
2225,45,3,57.2,2026-02-14
2226,45,3,60.72,2026-02-17
2227,45,3,56.67,2026-02-20
2228,45,3,61.53,2026-02-23
2229,45,3,56.32,2026-02-26
2230,45,3,60.82,2026-03-01
2231,45,4,59.6,2026-02-02
2232,45,4,59.78,2026-02-05
2233,45,4,56.45,2026-02-08
2234,45,4,59.68,2026-02-11
2235,45,4,60.16,2026-02-14
2236,45,4,57.0,2026-02-17
2237,45,4,59.86,2026-02-20
2238,45,4,55.41,2026-02-23
2239,45,4,59.58,2026-02-26
2240,45,4,58.85,2026-03-01
2241,45,5,48.94,2026-02-02
2242,45,5,49.26,2026-02-05
2243,45,5,51.34,2026-02-08
2244,45,5,50.37,2026-02-11
2245,45,5,50.9,2026-02-14
2246,45,5,49.86,2026-02-17
2247,45,5,49.96,2026-02-20
2248,45,5,50.3,2026-02-23
2249,45,5,49.99,2026-02-26
2250,45,5,48.75,2026-03-01
2251,46,1,16.79,2026-02-02
2252,46,1,17.9,2026-02-05
2253,46,1,17.81,2026-02-08
2254,46,1,17.34,2026-02-11
2255,46,1,16.66,2026-02-14
2256,46,1,17.85,2026-02-17
2257,46,1,17.96,2026-02-20
2258,46,1,17.21,2026-02-23
2259,46,1,18.11,2026-02-26
2260,46,1,17.24,2026-03-01
2261,46,2,19.35,2026-02-02
2262,46,2,18.57,2026-02-05
2263,46,2,19.07,2026-02-08
2264,46,2,19.03,2026-02-11
2265,46,2,20.15,2026-02-14
2266,46,2,20.3,2026-02-17
2267,46,2,20.06,2026-02-20
2268,46,2,19.43,2026-02-23
2269,46,2,18.9,2026-02-26
2270,46,2,19.16,2026-03-01
2271,46,3,17.74,2026-02-02
2272,46,3,18.23,2026-02-05
2273,46,3,16.93,2026-02-08
2274,46,3,17.08,2026-02-11
2275,46,3,18.02,2026-02-14
2276,46,3,17.5,2026-02-17
2277,46,3,17.95,2026-02-20
2278,46,3,17.86,2026-02-23
2279,46,3,16.88,2026-02-26
2280,46,3,18.16,2026-03-01
2281,46,4,17.13,2026-02-02
2282,46,4,17.08,2026-02-05
2283,46,4,18.17,2026-02-08
2284,46,4,17.83,2026-02-11
2285,46,4,16.93,2026-02-14
2286,46,4,18.33,2026-02-17
2287,46,4,18.61,2026-02-20
2288,46,4,17.03,2026-02-23
2289,46,4,18.27,2026-02-26
2290,46,4,17.24,2026-03-01
2291,46,5,19.02,2026-02-02
2292,46,5,18.91,2026-02-05
2293,46,5,17.97,2026-02-08
2294,46,5,18.37,2026-02-11
2295,46,5,18.19,2026-02-14
2296,46,5,18.75,2026-02-17
2297,46,5,19.0,2026-02-20
2298,46,5,17.36,2026-02-23
2299,46,5,17.72,2026-02-26
2300,46,5,17.99,2026-03-01
2301,47,1,67.14,2026-02-02
2302,47,1,72.59,2026-02-05
2303,47,1,73.06,2026-02-08
2304,47,1,69.53,2026-02-11
2305,47,1,70.45,2026-02-14
2306,47,1,72.89,2026-02-17
2307,47,1,71.25,2026-02-20
2308,47,1,72.85,2026-02-23
2309,47,1,71.78,2026-02-26
2310,47,1,70.44,2026-03-01
2311,47,2,70.3,2026-02-02
2312,47,2,65.6,2026-02-05
2313,47,2,68.88,2026-02-08
2314,47,2,70.31,2026-02-11
2315,47,2,71.17,2026-02-14
2316,47,2,69.32,2026-02-17
2317,47,2,67.64,2026-02-20
2318,47,2,70.43,2026-02-23
2319,47,2,68.57,2026-02-26
2320,47,2,65.26,2026-03-01
2321,47,3,64.2,2026-02-02
2322,47,3,66.27,2026-02-05
2323,47,3,66.92,2026-02-08
2324,47,3,67.5,2026-02-11
2325,47,3,61.75,2026-02-14
2326,47,3,65.4,2026-02-17
2327,47,3,66.56,2026-02-20
2328,47,3,63.18,2026-02-23
2329,47,3,66.52,2026-02-26
2330,47,3,65.93,2026-03-01
2331,47,4,64.17,2026-02-02
2332,47,4,59.8,2026-02-05
2333,47,4,58.57,2026-02-08
2334,47,4,61.44,2026-02-11
2335,47,4,61.05,2026-02-14
2336,47,4,64.37,2026-02-17
2337,47,4,64.48,2026-02-20
2338,47,4,63.35,2026-02-23
2339,47,4,58.84,2026-02-26
2340,47,4,62.0,2026-03-01
2341,47,5,65.44,2026-02-02
2342,47,5,62.98,2026-02-05
2343,47,5,65.8,2026-02-08
2344,47,5,65.87,2026-02-11
2345,47,5,69.02,2026-02-14
2346,47,5,67.72,2026-02-17
2347,47,5,68.53,2026-02-20
2348,47,5,63.35,2026-02-23
2349,47,5,63.66,2026-02-26
2350,47,5,66.2,2026-03-01
2351,48,1,180.92,2026-02-02
2352,48,1,184.35,2026-02-05
2353,48,1,192.58,2026-02-08
2354,48,1,181.99,2026-02-11
2355,48,1,191.15,2026-02-14
2356,48,1,176.29,2026-02-17
2357,48,1,175.51,2026-02-20
2358,48,1,186.9,2026-02-23
2359,48,1,176.54,2026-02-26
2360,48,1,185.3,2026-03-01
2361,48,2,189.43,2026-02-02
2362,48,2,184.75,2026-02-05
2363,48,2,187.85,2026-02-08
2364,48,2,187.03,2026-02-11
2365,48,2,186.18,2026-02-14
2366,48,2,183.27,2026-02-17
2367,48,2,187.2,2026-02-20
2368,48,2,185.16,2026-02-23
2369,48,2,178.7,2026-02-26
2370,48,2,178.31,2026-03-01
2371,48,3,186.33,2026-02-02
2372,48,3,175.0,2026-02-05
2373,48,3,184.0,2026-02-08
2374,48,3,184.5,2026-02-11
2375,48,3,183.35,2026-02-14
2376,48,3,188.96,2026-02-17
2377,48,3,182.28,2026-02-20
2378,48,3,172.79,2026-02-23
2379,48,3,180.6,2026-02-26
2380,48,3,183.45,2026-03-01
2381,48,4,160.85,2026-02-02
2382,48,4,171.46,2026-02-05
2383,48,4,173.15,2026-02-08
2384,48,4,158.38,2026-02-11
2385,48,4,161.43,2026-02-14
2386,48,4,162.01,2026-02-17
2387,48,4,161.79,2026-02-20
2388,48,4,165.06,2026-02-23
2389,48,4,166.42,2026-02-26
2390,48,4,162.43,2026-03-01
2391,48,5,161.8,2026-02-02
2392,48,5,161.2,2026-02-05
2393,48,5,172.0,2026-02-08
2394,48,5,173.43,2026-02-11
2395,48,5,164.08,2026-02-14
2396,48,5,166.97,2026-02-17
2397,48,5,177.08,2026-02-20
2398,48,5,176.07,2026-02-23
2399,48,5,170.17,2026-02-26
2400,48,5,164.03,2026-03-01
2401,49,1,75.48,2026-02-02
2402,49,1,70.53,2026-02-05
2403,49,1,70.1,2026-02-08
2404,49,1,70.37,2026-02-11
2405,49,1,75.31,2026-02-14
2406,49,1,74.87,2026-02-17
2407,49,1,70.93,2026-02-20
2408,49,1,76.65,2026-02-23
2409,49,1,75.84,2026-02-26
2410,49,1,70.34,2026-03-01
2411,49,2,70.18,2026-02-02
2412,49,2,69.91,2026-02-05
2413,49,2,69.04,2026-02-08
2414,49,2,73.72,2026-02-11
2415,49,2,74.14,2026-02-14
2416,49,2,68.28,2026-02-17
2417,49,2,70.82,2026-02-20
2418,49,2,69.24,2026-02-23
2419,49,2,69.24,2026-02-26
2420,49,2,74.86,2026-03-01
2421,49,3,71.99,2026-02-02
2422,49,3,73.07,2026-02-05
2423,49,3,74.01,2026-02-08
2424,49,3,73.99,2026-02-11
2425,49,3,70.92,2026-02-14
2426,49,3,74.37,2026-02-17
2427,49,3,68.67,2026-02-20
2428,49,3,72.45,2026-02-23
2429,49,3,71.03,2026-02-26
2430,49,3,72.5,2026-03-01
2431,49,4,70.15,2026-02-02
2432,49,4,64.61,2026-02-05
2433,49,4,69.84,2026-02-08
2434,49,4,66.22,2026-02-11
2435,49,4,66.93,2026-02-14
2436,49,4,65.14,2026-02-17
2437,49,4,65.7,2026-02-20
2438,49,4,64.84,2026-02-23
2439,49,4,70.39,2026-02-26
2440,49,4,67.49,2026-03-01
2441,49,5,64.77,2026-02-02
2442,49,5,65.16,2026-02-05
2443,49,5,67.44,2026-02-08
2444,49,5,65.77,2026-02-11
2445,49,5,64.7,2026-02-14
2446,49,5,68.83,2026-02-17
2447,49,5,65.99,2026-02-20
2448,49,5,70.55,2026-02-23
2449,49,5,70.64,2026-02-26
2450,49,5,67.85,2026-03-01
2451,50,1,331.43,2026-02-02
2452,50,1,331.96,2026-02-05
2453,50,1,317.91,2026-02-08
2454,50,1,335.47,2026-02-11
2455,50,1,339.75,2026-02-14
2456,50,1,334.14,2026-02-17
2457,50,1,324.89,2026-02-20
2458,50,1,314.64,2026-02-23
2459,50,1,341.77,2026-02-26
2460,50,1,330.75,2026-03-01
2461,50,2,306.5,2026-02-02
2462,50,2,331.29,2026-02-05
2463,50,2,310.24,2026-02-08
2464,50,2,313.62,2026-02-11
2465,50,2,312.06,2026-02-14
2466,50,2,331.68,2026-02-17
2467,50,2,304.14,2026-02-20
2468,50,2,328.69,2026-02-23
2469,50,2,321.56,2026-02-26
2470,50,2,320.83,2026-03-01
2471,50,3,327.36,2026-02-02
2472,50,3,308.23,2026-02-05
2473,50,3,305.91,2026-02-08
2474,50,3,305.86,2026-02-11
2475,50,3,316.19,2026-02-14
2476,50,3,306.18,2026-02-17
2477,50,3,327.01,2026-02-20
2478,50,3,320.81,2026-02-23
2479,50,3,306.03,2026-02-26
2480,50,3,306.07,2026-03-01
2481,50,4,320.52,2026-02-02
2482,50,4,318.2,2026-02-05
2483,50,4,313.87,2026-02-08
2484,50,4,325.4,2026-02-11
2485,50,4,326.74,2026-02-14
2486,50,4,311.98,2026-02-17
2487,50,4,326.09,2026-02-20
2488,50,4,305.87,2026-02-23
2489,50,4,310.25,2026-02-26
2490,50,4,319.72,2026-03-01
2491,50,5,303.92,2026-02-02
2492,50,5,300.69,2026-02-05
2493,50,5,300.21,2026-02-08
2494,50,5,288.6,2026-02-11
2495,50,5,284.6,2026-02-14
2496,50,5,281.22,2026-02-17
2497,50,5,286.49,2026-02-20
2498,50,5,297.98,2026-02-23
2499,50,5,278.34,2026-02-26
2500,50,5,281.3,2026-03-01
2501,51,1,85.87,2026-02-02
2502,51,1,88.4,2026-02-05
2503,51,1,90.33,2026-02-08
2504,51,1,83.58,2026-02-11
2505,51,1,83.73,2026-02-14
2506,51,1,89.78,2026-02-17
2507,51,1,88.72,2026-02-20
2508,51,1,85.67,2026-02-23
2509,51,1,85.24,2026-02-26
2510,51,1,83.34,2026-03-01
2511,51,2,92.69,2026-02-02
2512,51,2,85.7,2026-02-05
2513,51,2,87.46,2026-02-08
2514,51,2,85.98,2026-02-11
2515,51,2,90.42,2026-02-14
2516,51,2,85.74,2026-02-17
2517,51,2,87.84,2026-02-20
2518,51,2,87.59,2026-02-23
2519,51,2,93.53,2026-02-26
2520,51,2,93.58,2026-03-01
2521,51,3,87.77,2026-02-02
2522,51,3,84.57,2026-02-05
2523,51,3,86.26,2026-02-08
2524,51,3,89.47,2026-02-11
2525,51,3,86.27,2026-02-14
2526,51,3,84.48,2026-02-17
2527,51,3,88.83,2026-02-20
2528,51,3,90.65,2026-02-23
2529,51,3,90.98,2026-02-26
2530,51,3,84.48,2026-03-01
2531,51,4,98.78,2026-02-02
2532,51,4,90.24,2026-02-05
2533,51,4,96.1,2026-02-08
2534,51,4,98.35,2026-02-11
2535,51,4,97.18,2026-02-14
2536,51,4,98.03,2026-02-17
2537,51,4,92.24,2026-02-20
2538,51,4,98.41,2026-02-23
2539,51,4,92.45,2026-02-26
2540,51,4,90.03,2026-03-01
2541,51,5,81.78,2026-02-02
2542,51,5,81.71,2026-02-05
2543,51,5,80.98,2026-02-08
2544,51,5,82.56,2026-02-11
2545,51,5,82.69,2026-02-14
2546,51,5,79.56,2026-02-17
2547,51,5,83.25,2026-02-20
2548,51,5,82.73,2026-02-23
2549,51,5,82.0,2026-02-26
2550,51,5,82.67,2026-03-01
2551,52,1,73.39,2026-02-02
2552,52,1,69.98,2026-02-05
2553,52,1,67.4,2026-02-08
2554,52,1,68.32,2026-02-11
2555,52,1,68.85,2026-02-14
2556,52,1,70.1,2026-02-17
2557,52,1,68.66,2026-02-20
2558,52,1,69.36,2026-02-23
2559,52,1,67.38,2026-02-26
2560,52,1,70.57,2026-03-01
2561,52,2,62.95,2026-02-02
2562,52,2,65.51,2026-02-05
2563,52,2,68.03,2026-02-08
2564,52,2,67.57,2026-02-11
2565,52,2,63.99,2026-02-14
2566,52,2,61.94,2026-02-17
2567,52,2,64.35,2026-02-20
2568,52,2,61.91,2026-02-23
2569,52,2,64.93,2026-02-26
2570,52,2,64.86,2026-03-01
2571,52,3,60.11,2026-02-02
2572,52,3,62.47,2026-02-05
2573,52,3,62.41,2026-02-08
2574,52,3,65.4,2026-02-11
2575,52,3,64.39,2026-02-14
2576,52,3,60.3,2026-02-17
2577,52,3,64.53,2026-02-20
2578,52,3,63.43,2026-02-23
2579,52,3,60.09,2026-02-26
2580,52,3,61.24,2026-03-01
2581,52,4,65.79,2026-02-02
2582,52,4,70.16,2026-02-05
2583,52,4,68.59,2026-02-08
2584,52,4,67.09,2026-02-11
2585,52,4,68.83,2026-02-14
2586,52,4,69.64,2026-02-17
2587,52,4,70.9,2026-02-20
2588,52,4,71.53,2026-02-23
2589,52,4,69.75,2026-02-26
2590,52,4,70.05,2026-03-01
2591,52,5,59.79,2026-02-02
2592,52,5,60.53,2026-02-05
2593,52,5,59.89,2026-02-08
2594,52,5,56.79,2026-02-11
2595,52,5,58.12,2026-02-14
2596,52,5,58.26,2026-02-17
2597,52,5,61.2,2026-02-20
2598,52,5,57.87,2026-02-23
2599,52,5,56.22,2026-02-26
2600,52,5,61.03,2026-03-01
2601,53,1,41.87,2026-02-02
2602,53,1,42.07,2026-02-05
2603,53,1,39.25,2026-02-08
2604,53,1,41.08,2026-02-11
2605,53,1,42.17,2026-02-14
2606,53,1,41.04,2026-02-17
2607,53,1,42.69,2026-02-20
2608,53,1,40.36,2026-02-23
2609,53,1,43.21,2026-02-26
2610,53,1,42.65,2026-03-01
2611,53,2,37.73,2026-02-02
2612,53,2,37.28,2026-02-05
2613,53,2,36.77,2026-02-08
2614,53,2,36.61,2026-02-11
2615,53,2,37.15,2026-02-14
2616,53,2,37.9,2026-02-17
2617,53,2,38.38,2026-02-20
2618,53,2,36.77,2026-02-23
2619,53,2,37.95,2026-02-26
2620,53,2,39.8,2026-03-01
2621,53,3,42.66,2026-02-02
2622,53,3,40.73,2026-02-05
2623,53,3,43.64,2026-02-08
2624,53,3,40.65,2026-02-11
2625,53,3,41.82,2026-02-14
2626,53,3,41.14,2026-02-17
2627,53,3,43.13,2026-02-20
2628,53,3,40.98,2026-02-23
2629,53,3,43.93,2026-02-26
2630,53,3,43.01,2026-03-01
2631,53,4,35.08,2026-02-02
2632,53,4,35.93,2026-02-05
2633,53,4,37.01,2026-02-08
2634,53,4,36.5,2026-02-11
2635,53,4,37.23,2026-02-14
2636,53,4,35.3,2026-02-17
2637,53,4,37.47,2026-02-20
2638,53,4,35.0,2026-02-23
2639,53,4,37.38,2026-02-26
2640,53,4,36.64,2026-03-01
2641,53,5,39.99,2026-02-02
2642,53,5,39.35,2026-02-05
2643,53,5,38.85,2026-02-08
2644,53,5,40.05,2026-02-11
2645,53,5,38.9,2026-02-14
2646,53,5,39.47,2026-02-17
2647,53,5,41.43,2026-02-20
2648,53,5,41.78,2026-02-23
2649,53,5,38.35,2026-02-26
2650,53,5,39.09,2026-03-01
2651,54,1,45.71,2026-02-02
2652,54,1,46.92,2026-02-05
2653,54,1,45.3,2026-02-08
2654,54,1,48.79,2026-02-11
2655,54,1,48.65,2026-02-14
2656,54,1,46.11,2026-02-17
2657,54,1,47.61,2026-02-20
2658,54,1,45.97,2026-02-23
2659,54,1,45.63,2026-02-26
2660,54,1,48.44,2026-03-01
2661,54,2,50.25,2026-02-02
2662,54,2,47.22,2026-02-05
2663,54,2,48.89,2026-02-08
2664,54,2,50.78,2026-02-11
2665,54,2,51.51,2026-02-14
2666,54,2,51.2,2026-02-17
2667,54,2,47.1,2026-02-20
2668,54,2,50.46,2026-02-23
2669,54,2,47.61,2026-02-26
2670,54,2,47.43,2026-03-01
2671,54,3,40.65,2026-02-02
2672,54,3,40.34,2026-02-05
2673,54,3,41.83,2026-02-08
2674,54,3,42.01,2026-02-11
2675,54,3,41.5,2026-02-14
2676,54,3,40.94,2026-02-17
2677,54,3,41.16,2026-02-20
2678,54,3,41.29,2026-02-23
2679,54,3,41.9,2026-02-26
2680,54,3,40.62,2026-03-01
2681,54,4,45.46,2026-02-02
2682,54,4,44.91,2026-02-05
2683,54,4,45.62,2026-02-08
2684,54,4,44.09,2026-02-11
2685,54,4,44.67,2026-02-14
2686,54,4,46.82,2026-02-17
2687,54,4,47.26,2026-02-20
2688,54,4,45.85,2026-02-23
2689,54,4,44.8,2026-02-26
2690,54,4,47.26,2026-03-01
2691,54,5,44.2,2026-02-02
2692,54,5,43.68,2026-02-05
2693,54,5,40.92,2026-02-08
2694,54,5,43.6,2026-02-11
2695,54,5,41.59,2026-02-14
2696,54,5,42.08,2026-02-17
2697,54,5,44.62,2026-02-20
2698,54,5,42.58,2026-02-23
2699,54,5,42.14,2026-02-26
2700,54,5,43.94,2026-03-01
2701,55,1,147.39,2026-02-02
2702,55,1,141.37,2026-02-05
2703,55,1,139.37,2026-02-08
2704,55,1,148.54,2026-02-11
2705,55,1,148.64,2026-02-14
2706,55,1,136.03,2026-02-17
2707,55,1,148.54,2026-02-20
2708,55,1,142.46,2026-02-23
2709,55,1,140.46,2026-02-26
2710,55,1,136.67,2026-03-01
2711,55,2,134.67,2026-02-02
2712,55,2,139.27,2026-02-05
2713,55,2,134.79,2026-02-08
2714,55,2,136.35,2026-02-11
2715,55,2,134.59,2026-02-14
2716,55,2,143.22,2026-02-17
2717,55,2,138.34,2026-02-20
2718,55,2,141.6,2026-02-23
2719,55,2,131.15,2026-02-26
2720,55,2,136.56,2026-03-01
2721,55,3,141.62,2026-02-02
2722,55,3,142.05,2026-02-05
2723,55,3,139.57,2026-02-08
2724,55,3,139.36,2026-02-11
2725,55,3,137.65,2026-02-14
2726,55,3,140.6,2026-02-17
2727,55,3,137.83,2026-02-20
2728,55,3,143.62,2026-02-23
2729,55,3,137.4,2026-02-26
2730,55,3,144.36,2026-03-01
2731,55,4,137.4,2026-02-02
2732,55,4,138.81,2026-02-05
2733,55,4,133.59,2026-02-08
2734,55,4,129.85,2026-02-11
2735,55,4,136.77,2026-02-14
2736,55,4,132.21,2026-02-17
2737,55,4,135.7,2026-02-20
2738,55,4,131.02,2026-02-23
2739,55,4,131.63,2026-02-26
2740,55,4,136.26,2026-03-01
2741,55,5,135.2,2026-02-02
2742,55,5,141.79,2026-02-05
2743,55,5,139.03,2026-02-08
2744,55,5,132.38,2026-02-11
2745,55,5,131.03,2026-02-14
2746,55,5,136.37,2026-02-17
2747,55,5,139.26,2026-02-20
2748,55,5,140.64,2026-02-23
2749,55,5,130.77,2026-02-26
2750,55,5,142.43,2026-03-01
2751,56,1,40.4,2026-02-02
2752,56,1,41.01,2026-02-05
2753,56,1,38.84,2026-02-08
2754,56,1,41.98,2026-02-11
2755,56,1,42.13,2026-02-14
2756,56,1,39.07,2026-02-17
2757,56,1,39.74,2026-02-20
2758,56,1,39.43,2026-02-23
2759,56,1,39.43,2026-02-26
2760,56,1,42.39,2026-03-01
2761,56,2,41.17,2026-02-02
2762,56,2,40.27,2026-02-05
2763,56,2,40.51,2026-02-08
2764,56,2,40.54,2026-02-11
2765,56,2,41.0,2026-02-14
2766,56,2,42.15,2026-02-17
2767,56,2,40.48,2026-02-20
2768,56,2,41.64,2026-02-23
2769,56,2,41.4,2026-02-26
2770,56,2,43.33,2026-03-01
2771,56,3,42.28,2026-02-02
2772,56,3,44.84,2026-02-05
2773,56,3,41.99,2026-02-08
2774,56,3,41.99,2026-02-11
2775,56,3,41.12,2026-02-14
2776,56,3,41.08,2026-02-17
2777,56,3,45.04,2026-02-20
2778,56,3,41.42,2026-02-23
2779,56,3,44.58,2026-02-26
2780,56,3,42.26,2026-03-01
2781,56,4,38.57,2026-02-02
2782,56,4,40.43,2026-02-05
2783,56,4,41.97,2026-02-08
2784,56,4,41.23,2026-02-11
2785,56,4,41.02,2026-02-14
2786,56,4,41.37,2026-02-17
2787,56,4,39.7,2026-02-20
2788,56,4,39.19,2026-02-23
2789,56,4,38.08,2026-02-26
2790,56,4,39.26,2026-03-01
2791,56,5,36.48,2026-02-02
2792,56,5,34.99,2026-02-05
2793,56,5,35.31,2026-02-08
2794,56,5,37.66,2026-02-11
2795,56,5,36.41,2026-02-14
2796,56,5,36.46,2026-02-17
2797,56,5,37.73,2026-02-20
2798,56,5,37.03,2026-02-23
2799,56,5,37.77,2026-02-26
2800,56,5,36.48,2026-03-01
2801,57,1,32.87,2026-02-02
2802,57,1,36.05,2026-02-05
2803,57,1,33.57,2026-02-08
2804,57,1,35.72,2026-02-11
2805,57,1,34.4,2026-02-14
2806,57,1,35.42,2026-02-17
2807,57,1,34.55,2026-02-20
2808,57,1,34.63,2026-02-23
2809,57,1,33.97,2026-02-26
2810,57,1,33.02,2026-03-01
2811,57,2,31.52,2026-02-02
2812,57,2,33.14,2026-02-05
2813,57,2,32.14,2026-02-08
2814,57,2,33.82,2026-02-11
2815,57,2,32.95,2026-02-14
2816,57,2,32.08,2026-02-17
2817,57,2,32.05,2026-02-20
2818,57,2,34.71,2026-02-23
2819,57,2,34.74,2026-02-26
2820,57,2,34.42,2026-03-01
2821,57,3,31.0,2026-02-02
2822,57,3,32.3,2026-02-05
2823,57,3,31.9,2026-02-08
2824,57,3,33.08,2026-02-11
2825,57,3,33.01,2026-02-14
2826,57,3,33.07,2026-02-17
2827,57,3,33.41,2026-02-20
2828,57,3,32.08,2026-02-23
2829,57,3,32.49,2026-02-26
2830,57,3,31.79,2026-03-01
2831,57,4,36.24,2026-02-02
2832,57,4,36.16,2026-02-05
2833,57,4,36.27,2026-02-08
2834,57,4,35.95,2026-02-11
2835,57,4,35.72,2026-02-14
2836,57,4,37.4,2026-02-17
2837,57,4,35.98,2026-02-20
2838,57,4,35.19,2026-02-23
2839,57,4,36.26,2026-02-26
2840,57,4,37.97,2026-03-01
2841,57,5,37.88,2026-02-02
2842,57,5,37.21,2026-02-05
2843,57,5,36.44,2026-02-08
2844,57,5,35.84,2026-02-11
2845,57,5,34.98,2026-02-14
2846,57,5,37.11,2026-02-17
2847,57,5,36.98,2026-02-20
2848,57,5,36.3,2026-02-23
2849,57,5,34.95,2026-02-26
2850,57,5,37.64,2026-03-01
2851,58,1,69.84,2026-02-02
2852,58,1,72.66,2026-02-05
2853,58,1,73.26,2026-02-08
2854,58,1,69.62,2026-02-11
2855,58,1,71.63,2026-02-14
2856,58,1,70.44,2026-02-17
2857,58,1,72.15,2026-02-20
2858,58,1,71.77,2026-02-23
2859,58,1,68.89,2026-02-26
2860,58,1,67.04,2026-03-01
2861,58,2,70.73,2026-02-02
2862,58,2,76.89,2026-02-05
2863,58,2,71.06,2026-02-08
2864,58,2,76.41,2026-02-11
2865,58,2,77.04,2026-02-14
2866,58,2,74.19,2026-02-17
2867,58,2,70.55,2026-02-20
2868,58,2,75.13,2026-02-23
2869,58,2,70.34,2026-02-26
2870,58,2,74.93,2026-03-01
2871,58,3,76.13,2026-02-02
2872,58,3,73.74,2026-02-05
2873,58,3,75.08,2026-02-08
2874,58,3,72.27,2026-02-11
2875,58,3,76.41,2026-02-14
2876,58,3,76.55,2026-02-17
2877,58,3,76.7,2026-02-20
2878,58,3,71.42,2026-02-23
2879,58,3,78.0,2026-02-26
2880,58,3,76.21,2026-03-01
2881,58,4,71.83,2026-02-02
2882,58,4,69.12,2026-02-05
2883,58,4,72.66,2026-02-08
2884,58,4,71.15,2026-02-11
2885,58,4,69.76,2026-02-14
2886,58,4,68.59,2026-02-17
2887,58,4,69.62,2026-02-20
2888,58,4,72.58,2026-02-23
2889,58,4,71.88,2026-02-26
2890,58,4,69.45,2026-03-01
2891,58,5,75.16,2026-02-02
2892,58,5,75.87,2026-02-05
2893,58,5,72.4,2026-02-08
2894,58,5,78.82,2026-02-11
2895,58,5,78.8,2026-02-14
2896,58,5,77.14,2026-02-17
2897,58,5,74.62,2026-02-20
2898,58,5,73.42,2026-02-23
2899,58,5,73.1,2026-02-26
2900,58,5,77.83,2026-03-01
2901,59,1,31.21,2026-02-02
2902,59,1,30.61,2026-02-05
2903,59,1,32.46,2026-02-08
2904,59,1,32.34,2026-02-11
2905,59,1,32.86,2026-02-14
2906,59,1,31.52,2026-02-17
2907,59,1,32.71,2026-02-20
2908,59,1,31.59,2026-02-23
2909,59,1,32.5,2026-02-26
2910,59,1,30.06,2026-03-01
2911,59,2,31.02,2026-02-02
2912,59,2,30.67,2026-02-05
2913,59,2,31.51,2026-02-08
2914,59,2,30.43,2026-02-11
2915,59,2,29.52,2026-02-14
2916,59,2,30.77,2026-02-17
2917,59,2,31.13,2026-02-20
2918,59,2,30.63,2026-02-23
2919,59,2,30.56,2026-02-26
2920,59,2,28.75,2026-03-01
2921,59,3,26.28,2026-02-02
2922,59,3,26.58,2026-02-05
2923,59,3,27.78,2026-02-08
2924,59,3,26.34,2026-02-11
2925,59,3,25.76,2026-02-14
2926,59,3,25.75,2026-02-17
2927,59,3,28.34,2026-02-20
2928,59,3,26.27,2026-02-23
2929,59,3,26.51,2026-02-26
2930,59,3,28.03,2026-03-01
2931,59,4,32.05,2026-02-02
2932,59,4,33.09,2026-02-05
2933,59,4,32.35,2026-02-08
2934,59,4,31.99,2026-02-11
2935,59,4,34.15,2026-02-14
2936,59,4,31.11,2026-02-17
2937,59,4,33.27,2026-02-20
2938,59,4,33.54,2026-02-23
2939,59,4,33.58,2026-02-26
2940,59,4,32.92,2026-03-01
2941,59,5,33.5,2026-02-02
2942,59,5,32.94,2026-02-05
2943,59,5,31.02,2026-02-08
2944,59,5,33.73,2026-02-11
2945,59,5,31.4,2026-02-14
2946,59,5,31.34,2026-02-17
2947,59,5,31.84,2026-02-20
2948,59,5,32.48,2026-02-23
2949,59,5,31.9,2026-02-26
2950,59,5,32.27,2026-03-01
2951,60,1,84.28,2026-02-02
2952,60,1,88.38,2026-02-05
2953,60,1,88.01,2026-02-08
2954,60,1,82.68,2026-02-11
2955,60,1,89.96,2026-02-14
2956,60,1,83.7,2026-02-17
2957,60,1,84.97,2026-02-20
2958,60,1,88.9,2026-02-23
2959,60,1,89.62,2026-02-26
2960,60,1,90.46,2026-03-01
2961,60,2,97.13,2026-02-02
2962,60,2,100.7,2026-02-05
2963,60,2,99.56,2026-02-08
2964,60,2,100.03,2026-02-11
2965,60,2,101.35,2026-02-14
2966,60,2,101.04,2026-02-17
2967,60,2,96.43,2026-02-20
2968,60,2,96.35,2026-02-23
2969,60,2,99.13,2026-02-26
2970,60,2,99.98,2026-03-01
2971,60,3,92.82,2026-02-02
2972,60,3,90.03,2026-02-05
2973,60,3,90.54,2026-02-08
2974,60,3,97.77,2026-02-11
2975,60,3,97.92,2026-02-14
2976,60,3,89.66,2026-02-17
2977,60,3,92.91,2026-02-20
2978,60,3,95.21,2026-02-23
2979,60,3,94.11,2026-02-26
2980,60,3,89.92,2026-03-01
2981,60,4,97.83,2026-02-02
2982,60,4,94.66,2026-02-05
2983,60,4,96.25,2026-02-08
2984,60,4,95.3,2026-02-11
2985,60,4,97.82,2026-02-14
2986,60,4,100.21,2026-02-17
2987,60,4,97.22,2026-02-20
2988,60,4,94.73,2026-02-23
2989,60,4,94.98,2026-02-26
2990,60,4,99.75,2026-03-01
2991,60,5,92.91,2026-02-02
2992,60,5,98.21,2026-02-05
2993,60,5,95.24,2026-02-08
2994,60,5,98.99,2026-02-11
2995,60,5,98.03,2026-02-14
2996,60,5,90.23,2026-02-17
2997,60,5,93.79,2026-02-20
2998,60,5,89.7,2026-02-23
2999,60,5,98.6,2026-02-26
3000,60,5,91.73,2026-03-01
3001,61,1,28.37,2026-02-02
3002,61,1,29.46,2026-02-05
3003,61,1,28.7,2026-02-08
3004,61,1,29.28,2026-02-11
3005,61,1,28.69,2026-02-14
3006,61,1,28.44,2026-02-17
3007,61,1,28.14,2026-02-20
3008,61,1,28.45,2026-02-23
3009,61,1,26.9,2026-02-26
3010,61,1,27.21,2026-03-01
3011,61,2,31.95,2026-02-02
3012,61,2,32.3,2026-02-05
3013,61,2,33.04,2026-02-08
3014,61,2,33.8,2026-02-11
3015,61,2,31.68,2026-02-14
3016,61,2,33.96,2026-02-17
3017,61,2,33.33,2026-02-20
3018,61,2,31.53,2026-02-23
3019,61,2,32.55,2026-02-26
3020,61,2,34.45,2026-03-01
3021,61,3,30.35,2026-02-02
3022,61,3,31.86,2026-02-05
3023,61,3,30.1,2026-02-08
3024,61,3,31.17,2026-02-11
3025,61,3,30.89,2026-02-14
3026,61,3,32.98,2026-02-17
3027,61,3,31.48,2026-02-20
3028,61,3,32.92,2026-02-23
3029,61,3,31.4,2026-02-26
3030,61,3,32.22,2026-03-01
3031,61,4,28.08,2026-02-02
3032,61,4,27.35,2026-02-05
3033,61,4,26.74,2026-02-08
3034,61,4,27.97,2026-02-11
3035,61,4,28.15,2026-02-14
3036,61,4,26.16,2026-02-17
3037,61,4,25.76,2026-02-20
3038,61,4,27.47,2026-02-23
3039,61,4,28.1,2026-02-26
3040,61,4,26.02,2026-03-01
3041,61,5,29.05,2026-02-02
3042,61,5,29.06,2026-02-05
3043,61,5,30.42,2026-02-08
3044,61,5,31.63,2026-02-11
3045,61,5,31.48,2026-02-14
3046,61,5,31.06,2026-02-17
3047,61,5,31.06,2026-02-20
3048,61,5,29.54,2026-02-23
3049,61,5,30.3,2026-02-26
3050,61,5,29.36,2026-03-01
3051,62,1,31.85,2026-02-02
3052,62,1,32.79,2026-02-05
3053,62,1,31.44,2026-02-08
3054,62,1,31.79,2026-02-11
3055,62,1,33.61,2026-02-14
3056,62,1,33.33,2026-02-17
3057,62,1,32.11,2026-02-20
3058,62,1,32.05,2026-02-23
3059,62,1,33.41,2026-02-26
3060,62,1,31.52,2026-03-01
3061,62,2,38.04,2026-02-02
3062,62,2,38.41,2026-02-05
3063,62,2,35.68,2026-02-08
3064,62,2,37.96,2026-02-11
3065,62,2,37.06,2026-02-14
3066,62,2,35.93,2026-02-17
3067,62,2,38.11,2026-02-20
3068,62,2,35.93,2026-02-23
3069,62,2,35.72,2026-02-26
3070,62,2,38.29,2026-03-01
3071,62,3,39.18,2026-02-02
3072,62,3,36.83,2026-02-05
3073,62,3,38.19,2026-02-08
3074,62,3,38.69,2026-02-11
3075,62,3,37.24,2026-02-14
3076,62,3,39.62,2026-02-17
3077,62,3,38.04,2026-02-20
3078,62,3,38.37,2026-02-23
3079,62,3,38.29,2026-02-26
3080,62,3,36.42,2026-03-01
3081,62,4,38.97,2026-02-02
3082,62,4,39.07,2026-02-05
3083,62,4,37.8,2026-02-08
3084,62,4,37.26,2026-02-11
3085,62,4,36.9,2026-02-14
3086,62,4,36.35,2026-02-17
3087,62,4,36.51,2026-02-20
3088,62,4,37.74,2026-02-23
3089,62,4,37.24,2026-02-26
3090,62,4,38.41,2026-03-01
3091,62,5,37.43,2026-02-02
3092,62,5,39.9,2026-02-05
3093,62,5,37.93,2026-02-08
3094,62,5,38.23,2026-02-11
3095,62,5,37.75,2026-02-14
3096,62,5,39.0,2026-02-17
3097,62,5,38.27,2026-02-20
3098,62,5,37.1,2026-02-23
3099,62,5,38.83,2026-02-26
3100,62,5,37.03,2026-03-01
3101,63,1,171.24,2026-02-02
3102,63,1,178.53,2026-02-05
3103,63,1,177.3,2026-02-08
3104,63,1,174.25,2026-02-11
3105,63,1,172.19,2026-02-14
3106,63,1,168.81,2026-02-17
3107,63,1,172.98,2026-02-20
3108,63,1,172.17,2026-02-23
3109,63,1,172.82,2026-02-26
3110,63,1,172.66,2026-03-01
3111,63,2,167.85,2026-02-02
3112,63,2,168.39,2026-02-05
3113,63,2,163.05,2026-02-08
3114,63,2,163.57,2026-02-11
3115,63,2,174.37,2026-02-14
3116,63,2,167.58,2026-02-17
3117,63,2,173.87,2026-02-20
3118,63,2,176.18,2026-02-23
3119,63,2,172.86,2026-02-26
3120,63,2,169.79,2026-03-01
3121,63,3,192.97,2026-02-02
3122,63,3,183.25,2026-02-05
3123,63,3,197.51,2026-02-08
3124,63,3,191.6,2026-02-11
3125,63,3,192.22,2026-02-14
3126,63,3,196.13,2026-02-17
3127,63,3,195.48,2026-02-20
3128,63,3,200.73,2026-02-23
3129,63,3,194.35,2026-02-26
3130,63,3,185.45,2026-03-01
3131,63,4,190.06,2026-02-02
3132,63,4,176.29,2026-02-05
3133,63,4,188.95,2026-02-08
3134,63,4,187.84,2026-02-11
3135,63,4,188.79,2026-02-14
3136,63,4,183.61,2026-02-17
3137,63,4,182.27,2026-02-20
3138,63,4,186.81,2026-02-23
3139,63,4,180.29,2026-02-26
3140,63,4,191.07,2026-03-01
3141,63,5,168.5,2026-02-02
3142,63,5,170.16,2026-02-05
3143,63,5,164.04,2026-02-08
3144,63,5,161.53,2026-02-11
3145,63,5,174.41,2026-02-14
3146,63,5,175.6,2026-02-17
3147,63,5,169.58,2026-02-20
3148,63,5,172.77,2026-02-23
3149,63,5,166.64,2026-02-26
3150,63,5,163.85,2026-03-01
3151,64,1,38.24,2026-02-02
3152,64,1,40.37,2026-02-05
3153,64,1,41.34,2026-02-08
3154,64,1,39.47,2026-02-11
3155,64,1,41.93,2026-02-14
3156,64,1,38.63,2026-02-17
3157,64,1,39.18,2026-02-20
3158,64,1,40.61,2026-02-23
3159,64,1,40.43,2026-02-26
3160,64,1,41.6,2026-03-01
3161,64,2,37.21,2026-02-02
3162,64,2,34.57,2026-02-05
3163,64,2,37.25,2026-02-08
3164,64,2,36.59,2026-02-11
3165,64,2,34.37,2026-02-14
3166,64,2,37.54,2026-02-17
3167,64,2,35.36,2026-02-20
3168,64,2,36.11,2026-02-23
3169,64,2,37.72,2026-02-26
3170,64,2,35.69,2026-03-01
3171,64,3,35.55,2026-02-02
3172,64,3,37.48,2026-02-05
3173,64,3,35.29,2026-02-08
3174,64,3,35.92,2026-02-11
3175,64,3,35.58,2026-02-14
3176,64,3,36.38,2026-02-17
3177,64,3,35.23,2026-02-20
3178,64,3,38.34,2026-02-23
3179,64,3,38.1,2026-02-26
3180,64,3,35.17,2026-03-01
3181,64,4,37.34,2026-02-02
3182,64,4,38.91,2026-02-05
3183,64,4,38.16,2026-02-08
3184,64,4,35.84,2026-02-11
3185,64,4,38.4,2026-02-14
3186,64,4,35.44,2026-02-17
3187,64,4,37.14,2026-02-20
3188,64,4,38.01,2026-02-23
3189,64,4,36.86,2026-02-26
3190,64,4,37.63,2026-03-01
3191,64,5,40.33,2026-02-02
3192,64,5,40.11,2026-02-05
3193,64,5,40.84,2026-02-08
3194,64,5,39.94,2026-02-11
3195,64,5,40.26,2026-02-14
3196,64,5,39.75,2026-02-17
3197,64,5,40.95,2026-02-20
3198,64,5,42.48,2026-02-23
3199,64,5,40.29,2026-02-26
3200,64,5,41.52,2026-03-01
3201,65,1,22.34,2026-02-02
3202,65,1,22.71,2026-02-05
3203,65,1,24.06,2026-02-08
3204,65,1,22.34,2026-02-11
3205,65,1,22.17,2026-02-14
3206,65,1,23.86,2026-02-17
3207,65,1,22.64,2026-02-20
3208,65,1,22.83,2026-02-23
3209,65,1,22.92,2026-02-26
3210,65,1,23.0,2026-03-01
3211,65,2,23.01,2026-02-02
3212,65,2,23.53,2026-02-05
3213,65,2,21.86,2026-02-08
3214,65,2,23.51,2026-02-11
3215,65,2,23.28,2026-02-14
3216,65,2,22.91,2026-02-17
3217,65,2,22.97,2026-02-20
3218,65,2,22.5,2026-02-23
3219,65,2,22.9,2026-02-26
3220,65,2,23.54,2026-03-01
3221,65,3,26.55,2026-02-02
3222,65,3,27.44,2026-02-05
3223,65,3,25.14,2026-02-08
3224,65,3,26.26,2026-02-11
3225,65,3,25.16,2026-02-14
3226,65,3,26.77,2026-02-17
3227,65,3,26.84,2026-02-20
3228,65,3,26.45,2026-02-23
3229,65,3,25.49,2026-02-26
3230,65,3,25.23,2026-03-01
3231,65,4,26.47,2026-02-02
3232,65,4,26.42,2026-02-05
3233,65,4,26.93,2026-02-08
3234,65,4,25.52,2026-02-11
3235,65,4,26.82,2026-02-14
3236,65,4,26.43,2026-02-17
3237,65,4,27.55,2026-02-20
3238,65,4,26.96,2026-02-23
3239,65,4,27.59,2026-02-26
3240,65,4,27.34,2026-03-01
3241,65,5,24.81,2026-02-02
3242,65,5,23.55,2026-02-05
3243,65,5,24.02,2026-02-08
3244,65,5,24.71,2026-02-11
3245,65,5,23.91,2026-02-14
3246,65,5,24.26,2026-02-17
3247,65,5,24.5,2026-02-20
3248,65,5,25.47,2026-02-23
3249,65,5,23.49,2026-02-26
3250,65,5,25.27,2026-03-01
3251,66,1,39.38,2026-02-02
3252,66,1,36.45,2026-02-05
3253,66,1,38.15,2026-02-08
3254,66,1,37.96,2026-02-11
3255,66,1,35.67,2026-02-14
3256,66,1,37.83,2026-02-17
3257,66,1,36.88,2026-02-20
3258,66,1,38.06,2026-02-23
3259,66,1,37.75,2026-02-26
3260,66,1,38.66,2026-03-01
3261,66,2,38.97,2026-02-02
3262,66,2,38.87,2026-02-05
3263,66,2,40.44,2026-02-08
3264,66,2,40.08,2026-02-11
3265,66,2,40.58,2026-02-14
3266,66,2,38.66,2026-02-17
3267,66,2,39.96,2026-02-20
3268,66,2,36.94,2026-02-23
3269,66,2,38.41,2026-02-26
3270,66,2,37.08,2026-03-01
3271,66,3,38.5,2026-02-02
3272,66,3,39.34,2026-02-05
3273,66,3,40.12,2026-02-08
3274,66,3,37.36,2026-02-11
3275,66,3,39.66,2026-02-14
3276,66,3,37.87,2026-02-17
3277,66,3,38.82,2026-02-20
3278,66,3,40.79,2026-02-23
3279,66,3,39.73,2026-02-26
3280,66,3,39.06,2026-03-01
3281,66,4,44.39,2026-02-02
3282,66,4,41.26,2026-02-05
3283,66,4,42.84,2026-02-08
3284,66,4,42.49,2026-02-11
3285,66,4,41.06,2026-02-14
3286,66,4,44.5,2026-02-17
3287,66,4,42.2,2026-02-20
3288,66,4,41.19,2026-02-23
3289,66,4,42.02,2026-02-26
3290,66,4,44.27,2026-03-01
3291,66,5,37.68,2026-02-02
3292,66,5,37.65,2026-02-05
3293,66,5,37.75,2026-02-08
3294,66,5,38.66,2026-02-11
3295,66,5,38.38,2026-02-14
3296,66,5,38.21,2026-02-17
3297,66,5,36.81,2026-02-20
3298,66,5,38.19,2026-02-23
3299,66,5,36.96,2026-02-26
3300,66,5,38.34,2026-03-01
3301,67,1,163.07,2026-02-02
3302,67,1,148.85,2026-02-05
3303,67,1,161.16,2026-02-08
3304,67,1,160.77,2026-02-11
3305,67,1,152.73,2026-02-14
3306,67,1,157.51,2026-02-17
3307,67,1,161.61,2026-02-20
3308,67,1,159.61,2026-02-23
3309,67,1,162.74,2026-02-26
3310,67,1,153.61,2026-03-01
3311,67,2,166.29,2026-02-02
3312,67,2,156.68,2026-02-05
3313,67,2,160.64,2026-02-08
3314,67,2,159.65,2026-02-11
3315,67,2,152.92,2026-02-14
3316,67,2,153.83,2026-02-17
3317,67,2,165.21,2026-02-20
3318,67,2,166.7,2026-02-23
3319,67,2,155.97,2026-02-26
3320,67,2,162.16,2026-03-01
3321,67,3,154.51,2026-02-02
3322,67,3,157.91,2026-02-05
3323,67,3,166.76,2026-02-08
3324,67,3,163.03,2026-02-11
3325,67,3,168.65,2026-02-14
3326,67,3,163.62,2026-02-17
3327,67,3,165.44,2026-02-20
3328,67,3,163.62,2026-02-23
3329,67,3,166.74,2026-02-26
3330,67,3,157.41,2026-03-01
3331,67,4,145.62,2026-02-02
3332,67,4,136.06,2026-02-05
3333,67,4,144.93,2026-02-08
3334,67,4,136.07,2026-02-11
3335,67,4,136.57,2026-02-14
3336,67,4,133.79,2026-02-17
3337,67,4,135.19,2026-02-20
3338,67,4,146.88,2026-02-23
3339,67,4,137.16,2026-02-26
3340,67,4,146.84,2026-03-01
3341,67,5,135.29,2026-02-02
3342,67,5,138.6,2026-02-05
3343,67,5,143.29,2026-02-08
3344,67,5,132.95,2026-02-11
3345,67,5,135.74,2026-02-14
3346,67,5,136.47,2026-02-17
3347,67,5,134.33,2026-02-20
3348,67,5,130.87,2026-02-23
3349,67,5,135.3,2026-02-26
3350,67,5,138.98,2026-03-01
3351,68,1,24.97,2026-02-02
3352,68,1,24.14,2026-02-05
3353,68,1,24.3,2026-02-08
3354,68,1,24.95,2026-02-11
3355,68,1,23.95,2026-02-14
3356,68,1,24.45,2026-02-17
3357,68,1,25.87,2026-02-20
3358,68,1,25.93,2026-02-23
3359,68,1,25.89,2026-02-26
3360,68,1,24.82,2026-03-01
3361,68,2,27.34,2026-02-02
3362,68,2,26.08,2026-02-05
3363,68,2,27.16,2026-02-08
3364,68,2,28.46,2026-02-11
3365,68,2,26.7,2026-02-14
3366,68,2,26.74,2026-02-17
3367,68,2,26.07,2026-02-20
3368,68,2,26.84,2026-02-23
3369,68,2,26.12,2026-02-26
3370,68,2,28.45,2026-03-01
3371,68,3,24.45,2026-02-02
3372,68,3,24.57,2026-02-05
3373,68,3,25.18,2026-02-08
3374,68,3,24.19,2026-02-11
3375,68,3,25.67,2026-02-14
3376,68,3,24.53,2026-02-17
3377,68,3,24.89,2026-02-20
3378,68,3,26.13,2026-02-23
3379,68,3,24.88,2026-02-26
3380,68,3,24.66,2026-03-01
3381,68,4,27.55,2026-02-02
3382,68,4,26.91,2026-02-05
3383,68,4,26.34,2026-02-08
3384,68,4,27.52,2026-02-11
3385,68,4,25.59,2026-02-14
3386,68,4,27.6,2026-02-17
3387,68,4,26.83,2026-02-20
3388,68,4,25.53,2026-02-23
3389,68,4,25.57,2026-02-26
3390,68,4,25.57,2026-03-01
3391,68,5,24.47,2026-02-02
3392,68,5,24.47,2026-02-05
3393,68,5,24.18,2026-02-08
3394,68,5,23.78,2026-02-11
3395,68,5,23.27,2026-02-14
3396,68,5,22.94,2026-02-17
3397,68,5,24.01,2026-02-20
3398,68,5,24.36,2026-02-23
3399,68,5,24.58,2026-02-26
3400,68,5,23.34,2026-03-01
3401,69,1,54.14,2026-02-02
3402,69,1,53.11,2026-02-05
3403,69,1,53.62,2026-02-08
3404,69,1,55.77,2026-02-11
3405,69,1,56.25,2026-02-14
3406,69,1,54.03,2026-02-17
3407,69,1,57.95,2026-02-20
3408,69,1,53.04,2026-02-23
3409,69,1,54.11,2026-02-26
3410,69,1,57.51,2026-03-01
3411,69,2,62.41,2026-02-02
3412,69,2,61.39,2026-02-05
3413,69,2,63.63,2026-02-08
3414,69,2,62.52,2026-02-11
3415,69,2,60.33,2026-02-14
3416,69,2,62.78,2026-02-17
3417,69,2,65.36,2026-02-20
3418,69,2,64.85,2026-02-23
3419,69,2,60.6,2026-02-26
3420,69,2,60.52,2026-03-01
3421,69,3,55.93,2026-02-02
3422,69,3,56.79,2026-02-05
3423,69,3,57.99,2026-02-08
3424,69,3,56.43,2026-02-11
3425,69,3,54.82,2026-02-14
3426,69,3,58.19,2026-02-17
3427,69,3,52.84,2026-02-20
3428,69,3,56.0,2026-02-23
3429,69,3,56.56,2026-02-26
3430,69,3,55.04,2026-03-01
3431,69,4,66.47,2026-02-02
3432,69,4,64.05,2026-02-05
3433,69,4,63.5,2026-02-08
3434,69,4,66.33,2026-02-11
3435,69,4,60.9,2026-02-14
3436,69,4,60.94,2026-02-17
3437,69,4,61.11,2026-02-20
3438,69,4,63.5,2026-02-23
3439,69,4,64.16,2026-02-26
3440,69,4,63.23,2026-03-01
3441,69,5,57.67,2026-02-02
3442,69,5,56.32,2026-02-05
3443,69,5,60.91,2026-02-08
3444,69,5,57.7,2026-02-11
3445,69,5,58.71,2026-02-14
3446,69,5,56.49,2026-02-17
3447,69,5,56.42,2026-02-20
3448,69,5,56.18,2026-02-23
3449,69,5,60.2,2026-02-26
3450,69,5,56.27,2026-03-01
3451,70,1,53.26,2026-02-02
3452,70,1,50.76,2026-02-05
3453,70,1,52.88,2026-02-08
3454,70,1,52.71,2026-02-11
3455,70,1,54.22,2026-02-14
3456,70,1,54.1,2026-02-17
3457,70,1,51.5,2026-02-20
3458,70,1,51.0,2026-02-23
3459,70,1,55.15,2026-02-26
3460,70,1,50.29,2026-03-01
3461,70,2,58.5,2026-02-02
3462,70,2,60.97,2026-02-05
3463,70,2,61.34,2026-02-08
3464,70,2,59.88,2026-02-11
3465,70,2,58.93,2026-02-14
3466,70,2,59.21,2026-02-17
3467,70,2,56.63,2026-02-20
3468,70,2,62.17,2026-02-23
3469,70,2,62.27,2026-02-26
3470,70,2,56.67,2026-03-01
3471,70,3,58.79,2026-02-02
3472,70,3,57.58,2026-02-05
3473,70,3,62.94,2026-02-08
3474,70,3,58.55,2026-02-11
3475,70,3,58.92,2026-02-14
3476,70,3,62.02,2026-02-17
3477,70,3,61.91,2026-02-20
3478,70,3,59.4,2026-02-23
3479,70,3,57.83,2026-02-26
3480,70,3,61.91,2026-03-01
3481,70,4,51.72,2026-02-02
3482,70,4,50.05,2026-02-05
3483,70,4,51.26,2026-02-08
3484,70,4,48.67,2026-02-11
3485,70,4,49.98,2026-02-14
3486,70,4,52.49,2026-02-17
3487,70,4,48.34,2026-02-20
3488,70,4,50.39,2026-02-23
3489,70,4,52.48,2026-02-26
3490,70,4,50.76,2026-03-01
3491,70,5,57.67,2026-02-02
3492,70,5,56.27,2026-02-05
3493,70,5,56.31,2026-02-08
3494,70,5,56.73,2026-02-11
3495,70,5,56.58,2026-02-14
3496,70,5,53.8,2026-02-17
3497,70,5,52.45,2026-02-20
3498,70,5,52.49,2026-02-23
3499,70,5,55.09,2026-02-26
3500,70,5,56.34,2026-03-01
3501,71,1,37.17,2026-02-02
3502,71,1,36.51,2026-02-05
3503,71,1,36.44,2026-02-08
3504,71,1,36.63,2026-02-11
3505,71,1,37.36,2026-02-14
3506,71,1,36.55,2026-02-17
3507,71,1,37.41,2026-02-20
3508,71,1,38.29,2026-02-23
3509,71,1,38.14,2026-02-26
3510,71,1,36.03,2026-03-01
3511,71,2,39.4,2026-02-02
3512,71,2,38.43,2026-02-05
3513,71,2,38.73,2026-02-08
3514,71,2,38.27,2026-02-11
3515,71,2,39.89,2026-02-14
3516,71,2,38.59,2026-02-17
3517,71,2,37.45,2026-02-20
3518,71,2,38.93,2026-02-23
3519,71,2,40.61,2026-02-26
3520,71,2,37.57,2026-03-01
3521,71,3,35.05,2026-02-02
3522,71,3,35.55,2026-02-05
3523,71,3,35.81,2026-02-08
3524,71,3,37.15,2026-02-11
3525,71,3,36.25,2026-02-14
3526,71,3,37.34,2026-02-17
3527,71,3,35.77,2026-02-20
3528,71,3,35.21,2026-02-23
3529,71,3,38.24,2026-02-26
3530,71,3,36.91,2026-03-01
3531,71,4,37.85,2026-02-02
3532,71,4,39.93,2026-02-05
3533,71,4,41.13,2026-02-08
3534,71,4,38.1,2026-02-11
3535,71,4,37.87,2026-02-14
3536,71,4,39.33,2026-02-17
3537,71,4,40.21,2026-02-20
3538,71,4,37.7,2026-02-23
3539,71,4,38.33,2026-02-26
3540,71,4,41.5,2026-03-01
3541,71,5,42.97,2026-02-02
3542,71,5,42.97,2026-02-05
3543,71,5,39.98,2026-02-08
3544,71,5,43.02,2026-02-11
3545,71,5,40.67,2026-02-14
3546,71,5,40.59,2026-02-17
3547,71,5,43.63,2026-02-20
3548,71,5,40.79,2026-02-23
3549,71,5,40.38,2026-02-26
3550,71,5,43.14,2026-03-01
3551,72,1,121.62,2026-02-02
3552,72,1,113.78,2026-02-05
3553,72,1,117.03,2026-02-08
3554,72,1,113.99,2026-02-11
3555,72,1,113.43,2026-02-14
3556,72,1,118.28,2026-02-17
3557,72,1,116.94,2026-02-20
3558,72,1,114.64,2026-02-23
3559,72,1,122.56,2026-02-26
3560,72,1,119.63,2026-03-01
3561,72,2,109.88,2026-02-02
3562,72,2,117.78,2026-02-05
3563,72,2,109.6,2026-02-08
3564,72,2,111.07,2026-02-11
3565,72,2,110.3,2026-02-14
3566,72,2,118.53,2026-02-17
3567,72,2,109.51,2026-02-20
3568,72,2,112.04,2026-02-23
3569,72,2,115.29,2026-02-26
3570,72,2,118.22,2026-03-01
3571,72,3,126.71,2026-02-02
3572,72,3,131.44,2026-02-05
3573,72,3,125.24,2026-02-08
3574,72,3,131.69,2026-02-11
3575,72,3,129.56,2026-02-14
3576,72,3,130.24,2026-02-17
3577,72,3,126.39,2026-02-20
3578,72,3,123.59,2026-02-23
3579,72,3,122.24,2026-02-26
3580,72,3,128.84,2026-03-01
3581,72,4,109.42,2026-02-02
3582,72,4,111.69,2026-02-05
3583,72,4,116.47,2026-02-08
3584,72,4,112.36,2026-02-11
3585,72,4,112.8,2026-02-14
3586,72,4,106.91,2026-02-17
3587,72,4,105.73,2026-02-20
3588,72,4,110.25,2026-02-23
3589,72,4,112.12,2026-02-26
3590,72,4,105.96,2026-03-01
3591,72,5,110.66,2026-02-02
3592,72,5,116.52,2026-02-05
3593,72,5,114.42,2026-02-08
3594,72,5,113.6,2026-02-11
3595,72,5,114.77,2026-02-14
3596,72,5,117.39,2026-02-17
3597,72,5,119.32,2026-02-20
3598,72,5,115.53,2026-02-23
3599,72,5,115.55,2026-02-26
3600,72,5,112.66,2026-03-01
3601,73,1,66.05,2026-02-02
3602,73,1,67.6,2026-02-05
3603,73,1,68.05,2026-02-08
3604,73,1,70.55,2026-02-11
3605,73,1,70.88,2026-02-14
3606,73,1,71.8,2026-02-17
3607,73,1,70.74,2026-02-20
3608,73,1,68.98,2026-02-23
3609,73,1,66.42,2026-02-26
3610,73,1,68.32,2026-03-01
3611,73,2,69.18,2026-02-02
3612,73,2,70.24,2026-02-05
3613,73,2,66.55,2026-02-08
3614,73,2,68.57,2026-02-11
3615,73,2,65.36,2026-02-14
3616,73,2,66.11,2026-02-17
3617,73,2,63.76,2026-02-20
3618,73,2,67.32,2026-02-23
3619,73,2,65.94,2026-02-26
3620,73,2,66.39,2026-03-01
3621,73,3,64.89,2026-02-02
3622,73,3,66.69,2026-02-05
3623,73,3,66.55,2026-02-08
3624,73,3,62.94,2026-02-11
3625,73,3,66.08,2026-02-14
3626,73,3,63.17,2026-02-17
3627,73,3,64.01,2026-02-20
3628,73,3,65.6,2026-02-23
3629,73,3,65.71,2026-02-26
3630,73,3,62.17,2026-03-01
3631,73,4,58.02,2026-02-02
3632,73,4,62.2,2026-02-05
3633,73,4,57.1,2026-02-08
3634,73,4,57.62,2026-02-11
3635,73,4,58.87,2026-02-14
3636,73,4,59.35,2026-02-17
3637,73,4,62.57,2026-02-20
3638,73,4,58.57,2026-02-23
3639,73,4,57.77,2026-02-26
3640,73,4,57.76,2026-03-01
3641,73,5,68.26,2026-02-02
3642,73,5,65.85,2026-02-05
3643,73,5,63.9,2026-02-08
3644,73,5,68.01,2026-02-11
3645,73,5,65.14,2026-02-14
3646,73,5,63.74,2026-02-17
3647,73,5,64.65,2026-02-20
3648,73,5,63.86,2026-02-23
3649,73,5,66.33,2026-02-26
3650,73,5,64.52,2026-03-01
3651,74,1,15.86,2026-02-02
3652,74,1,15.23,2026-02-05
3653,74,1,15.49,2026-02-08
3654,74,1,15.87,2026-02-11
3655,74,1,16.63,2026-02-14
3656,74,1,16.62,2026-02-17
3657,74,1,16.62,2026-02-20
3658,74,1,15.68,2026-02-23
3659,74,1,15.35,2026-02-26
3660,74,1,16.3,2026-03-01
3661,74,2,15.1,2026-02-02
3662,74,2,15.43,2026-02-05
3663,74,2,15.12,2026-02-08
3664,74,2,14.98,2026-02-11
3665,74,2,16.05,2026-02-14
3666,74,2,15.25,2026-02-17
3667,74,2,15.83,2026-02-20
3668,74,2,15.82,2026-02-23
3669,74,2,15.29,2026-02-26
3670,74,2,15.08,2026-03-01
3671,74,3,16.17,2026-02-02
3672,74,3,15.21,2026-02-05
3673,74,3,15.58,2026-02-08
3674,74,3,16.05,2026-02-11
3675,74,3,16.22,2026-02-14
3676,74,3,15.03,2026-02-17
3677,74,3,15.73,2026-02-20
3678,74,3,15.65,2026-02-23
3679,74,3,16.17,2026-02-26
3680,74,3,14.98,2026-03-01
3681,74,4,14.49,2026-02-02
3682,74,4,14.79,2026-02-05
3683,74,4,15.61,2026-02-08
3684,74,4,15.5,2026-02-11
3685,74,4,14.16,2026-02-14
3686,74,4,14.48,2026-02-17
3687,74,4,14.63,2026-02-20
3688,74,4,14.73,2026-02-23
3689,74,4,15.11,2026-02-26
3690,74,4,14.76,2026-03-01
3691,74,5,14.12,2026-02-02
3692,74,5,14.69,2026-02-05
3693,74,5,14.53,2026-02-08
3694,74,5,14.57,2026-02-11
3695,74,5,14.22,2026-02-14
3696,74,5,14.46,2026-02-17
3697,74,5,14.81,2026-02-20
3698,74,5,14.45,2026-02-23
3699,74,5,13.79,2026-02-26
3700,74,5,14.74,2026-03-01
3701,75,1,220.49,2026-02-02
3702,75,1,211.24,2026-02-05
3703,75,1,220.5,2026-02-08
3704,75,1,217.66,2026-02-11
3705,75,1,228.29,2026-02-14
3706,75,1,210.9,2026-02-17
3707,75,1,228.29,2026-02-20
3708,75,1,228.79,2026-02-23
3709,75,1,223.98,2026-02-26
3710,75,1,223.74,2026-03-01
3711,75,2,248.36,2026-02-02
3712,75,2,234.78,2026-02-05
3713,75,2,248.19,2026-02-08
3714,75,2,243.93,2026-02-11
3715,75,2,228.96,2026-02-14
3716,75,2,249.0,2026-02-17
3717,75,2,231.74,2026-02-20
3718,75,2,227.46,2026-02-23
3719,75,2,237.16,2026-02-26
3720,75,2,238.25,2026-03-01
3721,75,3,234.81,2026-02-02
3722,75,3,235.3,2026-02-05
3723,75,3,243.52,2026-02-08
3724,75,3,228.91,2026-02-11
3725,75,3,239.1,2026-02-14
3726,75,3,229.24,2026-02-17
3727,75,3,233.44,2026-02-20
3728,75,3,239.42,2026-02-23
3729,75,3,231.78,2026-02-26
3730,75,3,235.76,2026-03-01
3731,75,4,237.71,2026-02-02
3732,75,4,236.7,2026-02-05
3733,75,4,229.99,2026-02-08
3734,75,4,241.46,2026-02-11
3735,75,4,238.09,2026-02-14
3736,75,4,240.41,2026-02-17
3737,75,4,243.39,2026-02-20
3738,75,4,232.16,2026-02-23
3739,75,4,246.7,2026-02-26
3740,75,4,238.64,2026-03-01
3741,75,5,207.6,2026-02-02
3742,75,5,196.17,2026-02-05
3743,75,5,197.14,2026-02-08
3744,75,5,194.31,2026-02-11
3745,75,5,212.18,2026-02-14
3746,75,5,198.38,2026-02-17
3747,75,5,193.92,2026-02-20
3748,75,5,214.22,2026-02-23
3749,75,5,197.88,2026-02-26
3750,75,5,204.69,2026-03-01
3751,76,1,42.69,2026-02-02
3752,76,1,42.32,2026-02-05
3753,76,1,44.64,2026-02-08
3754,76,1,42.28,2026-02-11
3755,76,1,45.57,2026-02-14
3756,76,1,45.13,2026-02-17
3757,76,1,41.82,2026-02-20
3758,76,1,43.21,2026-02-23
3759,76,1,45.44,2026-02-26
3760,76,1,42.97,2026-03-01
3761,76,2,42.09,2026-02-02
3762,76,2,44.31,2026-02-05
3763,76,2,45.44,2026-02-08
3764,76,2,44.29,2026-02-11
3765,76,2,42.2,2026-02-14
3766,76,2,42.67,2026-02-17
3767,76,2,42.73,2026-02-20
3768,76,2,45.48,2026-02-23
3769,76,2,44.12,2026-02-26
3770,76,2,45.0,2026-03-01
3771,76,3,48.18,2026-02-02
3772,76,3,49.18,2026-02-05
3773,76,3,46.44,2026-02-08
3774,76,3,47.59,2026-02-11
3775,76,3,48.46,2026-02-14
3776,76,3,48.53,2026-02-17
3777,76,3,45.59,2026-02-20
3778,76,3,46.36,2026-02-23
3779,76,3,46.49,2026-02-26
3780,76,3,46.01,2026-03-01
3781,76,4,50.68,2026-02-02
3782,76,4,51.43,2026-02-05
3783,76,4,50.9,2026-02-08
3784,76,4,50.11,2026-02-11
3785,76,4,50.46,2026-02-14
3786,76,4,48.37,2026-02-17
3787,76,4,47.42,2026-02-20
3788,76,4,51.0,2026-02-23
3789,76,4,49.23,2026-02-26
3790,76,4,49.51,2026-03-01
3791,76,5,40.13,2026-02-02
3792,76,5,43.81,2026-02-05
3793,76,5,40.22,2026-02-08
3794,76,5,42.5,2026-02-11
3795,76,5,42.37,2026-02-14
3796,76,5,42.77,2026-02-17
3797,76,5,42.03,2026-02-20
3798,76,5,40.5,2026-02-23
3799,76,5,43.27,2026-02-26
3800,76,5,40.18,2026-03-01
3801,77,1,214.65,2026-02-02
3802,77,1,195.63,2026-02-05
3803,77,1,207.86,2026-02-08
3804,77,1,199.87,2026-02-11
3805,77,1,196.93,2026-02-14
3806,77,1,212.12,2026-02-17
3807,77,1,204.47,2026-02-20
3808,77,1,200.05,2026-02-23
3809,77,1,198.9,2026-02-26
3810,77,1,201.6,2026-03-01
3811,77,2,197.11,2026-02-02
3812,77,2,187.91,2026-02-05
3813,77,2,192.62,2026-02-08
3814,77,2,203.09,2026-02-11
3815,77,2,185.78,2026-02-14
3816,77,2,199.38,2026-02-17
3817,77,2,186.33,2026-02-20
3818,77,2,199.03,2026-02-23
3819,77,2,198.45,2026-02-26
3820,77,2,191.21,2026-03-01
3821,77,3,190.7,2026-02-02
3822,77,3,193.04,2026-02-05
3823,77,3,208.09,2026-02-08
3824,77,3,200.96,2026-02-11
3825,77,3,208.27,2026-02-14
3826,77,3,199.97,2026-02-17
3827,77,3,189.07,2026-02-20
3828,77,3,190.14,2026-02-23
3829,77,3,194.66,2026-02-26
3830,77,3,195.09,2026-03-01
3831,77,4,210.4,2026-02-02
3832,77,4,206.73,2026-02-05
3833,77,4,209.14,2026-02-08
3834,77,4,215.0,2026-02-11
3835,77,4,204.61,2026-02-14
3836,77,4,207.95,2026-02-17
3837,77,4,204.51,2026-02-20
3838,77,4,213.4,2026-02-23
3839,77,4,213.88,2026-02-26
3840,77,4,216.16,2026-03-01
3841,77,5,175.27,2026-02-02
3842,77,5,187.52,2026-02-05
3843,77,5,179.57,2026-02-08
3844,77,5,172.8,2026-02-11
3845,77,5,175.89,2026-02-14
3846,77,5,171.23,2026-02-17
3847,77,5,172.11,2026-02-20
3848,77,5,178.3,2026-02-23
3849,77,5,184.6,2026-02-26
3850,77,5,178.69,2026-03-01
3851,78,1,77.45,2026-02-02
3852,78,1,78.53,2026-02-05
3853,78,1,79.63,2026-02-08
3854,78,1,79.87,2026-02-11
3855,78,1,79.18,2026-02-14
3856,78,1,76.8,2026-02-17
3857,78,1,74.93,2026-02-20
3858,78,1,77.54,2026-02-23
3859,78,1,80.77,2026-02-26
3860,78,1,80.93,2026-03-01
3861,78,2,76.47,2026-02-02
3862,78,2,73.94,2026-02-05
3863,78,2,72.15,2026-02-08
3864,78,2,78.01,2026-02-11
3865,78,2,72.34,2026-02-14
3866,78,2,77.83,2026-02-17
3867,78,2,75.64,2026-02-20
3868,78,2,72.63,2026-02-23
3869,78,2,75.03,2026-02-26
3870,78,2,77.49,2026-03-01
3871,78,3,75.07,2026-02-02
3872,78,3,73.33,2026-02-05
3873,78,3,74.56,2026-02-08
3874,78,3,76.93,2026-02-11
3875,78,3,78.82,2026-02-14
3876,78,3,74.82,2026-02-17
3877,78,3,78.56,2026-02-20
3878,78,3,79.06,2026-02-23
3879,78,3,74.72,2026-02-26
3880,78,3,78.45,2026-03-01
3881,78,4,74.6,2026-02-02
3882,78,4,74.68,2026-02-05
3883,78,4,77.16,2026-02-08
3884,78,4,75.7,2026-02-11
3885,78,4,71.76,2026-02-14
3886,78,4,75.49,2026-02-17
3887,78,4,71.21,2026-02-20
3888,78,4,77.7,2026-02-23
3889,78,4,73.73,2026-02-26
3890,78,4,73.97,2026-03-01
3891,78,5,87.17,2026-02-02
3892,78,5,84.81,2026-02-05
3893,78,5,88.32,2026-02-08
3894,78,5,82.42,2026-02-11
3895,78,5,82.55,2026-02-14
3896,78,5,88.74,2026-02-17
3897,78,5,83.79,2026-02-20
3898,78,5,86.58,2026-02-23
3899,78,5,84.79,2026-02-26
3900,78,5,83.45,2026-03-01
3901,79,1,61.13,2026-02-02
3902,79,1,61.84,2026-02-05
3903,79,1,57.77,2026-02-08
3904,79,1,60.32,2026-02-11
3905,79,1,57.96,2026-02-14
3906,79,1,60.67,2026-02-17
3907,79,1,59.72,2026-02-20
3908,79,1,57.4,2026-02-23
3909,79,1,62.67,2026-02-26
3910,79,1,62.02,2026-03-01
3911,79,2,66.78,2026-02-02
3912,79,2,65.22,2026-02-05
3913,79,2,61.72,2026-02-08
3914,79,2,63.86,2026-02-11
3915,79,2,66.53,2026-02-14
3916,79,2,67.4,2026-02-17
3917,79,2,65.12,2026-02-20
3918,79,2,64.89,2026-02-23
3919,79,2,67.11,2026-02-26
3920,79,2,62.17,2026-03-01
3921,79,3,60.52,2026-02-02
3922,79,3,64.94,2026-02-05
3923,79,3,66.04,2026-02-08
3924,79,3,60.85,2026-02-11
3925,79,3,61.79,2026-02-14
3926,79,3,61.45,2026-02-17
3927,79,3,64.98,2026-02-20
3928,79,3,64.91,2026-02-23
3929,79,3,60.24,2026-02-26
3930,79,3,63.47,2026-03-01
3931,79,4,68.05,2026-02-02
3932,79,4,68.11,2026-02-05
3933,79,4,68.46,2026-02-08
3934,79,4,72.51,2026-02-11
3935,79,4,68.51,2026-02-14
3936,79,4,67.94,2026-02-17
3937,79,4,66.66,2026-02-20
3938,79,4,73.1,2026-02-23
3939,79,4,68.23,2026-02-26
3940,79,4,68.36,2026-03-01
3941,79,5,69.32,2026-02-02
3942,79,5,71.7,2026-02-05
3943,79,5,72.46,2026-02-08
3944,79,5,67.22,2026-02-11
3945,79,5,71.67,2026-02-14
3946,79,5,69.59,2026-02-17
3947,79,5,69.85,2026-02-20
3948,79,5,66.59,2026-02-23
3949,79,5,68.0,2026-02-26
3950,79,5,68.88,2026-03-01
3951,80,1,28.56,2026-02-02
3952,80,1,29.32,2026-02-05
3953,80,1,28.98,2026-02-08
3954,80,1,28.08,2026-02-11
3955,80,1,28.64,2026-02-14
3956,80,1,29.22,2026-02-17
3957,80,1,29.77,2026-02-20
3958,80,1,29.6,2026-02-23
3959,80,1,29.39,2026-02-26
3960,80,1,29.13,2026-03-01
3961,80,2,30.97,2026-02-02
3962,80,2,29.51,2026-02-05
3963,80,2,31.18,2026-02-08
3964,80,2,31.41,2026-02-11
3965,80,2,31.16,2026-02-14
3966,80,2,29.32,2026-02-17
3967,80,2,28.83,2026-02-20
3968,80,2,29.33,2026-02-23
3969,80,2,31.56,2026-02-26
3970,80,2,31.4,2026-03-01
3971,80,3,33.0,2026-02-02
3972,80,3,31.71,2026-02-05
3973,80,3,33.58,2026-02-08
3974,80,3,34.29,2026-02-11
3975,80,3,32.74,2026-02-14
3976,80,3,31.35,2026-02-17
3977,80,3,32.18,2026-02-20
3978,80,3,32.93,2026-02-23
3979,80,3,31.84,2026-02-26
3980,80,3,31.96,2026-03-01
3981,80,4,33.11,2026-02-02
3982,80,4,31.7,2026-02-05
3983,80,4,32.34,2026-02-08
3984,80,4,33.29,2026-02-11
3985,80,4,30.77,2026-02-14
3986,80,4,31.57,2026-02-17
3987,80,4,30.32,2026-02-20
3988,80,4,31.26,2026-02-23
3989,80,4,31.53,2026-02-26
3990,80,4,32.61,2026-03-01
3991,80,5,29.31,2026-02-02
3992,80,5,28.82,2026-02-05
3993,80,5,28.76,2026-02-08
3994,80,5,28.85,2026-02-11
3995,80,5,28.74,2026-02-14
3996,80,5,29.5,2026-02-17
3997,80,5,31.01,2026-02-20
3998,80,5,30.69,2026-02-23
3999,80,5,29.1,2026-02-26
4000,80,5,28.89,2026-03-01
4001,81,1,199.7,2026-02-02
4002,81,1,186.45,2026-02-05
4003,81,1,195.58,2026-02-08
4004,81,1,198.2,2026-02-11
4005,81,1,194.17,2026-02-14
4006,81,1,192.48,2026-02-17
4007,81,1,192.87,2026-02-20
4008,81,1,194.84,2026-02-23
4009,81,1,197.79,2026-02-26
4010,81,1,183.0,2026-03-01
4011,81,2,183.43,2026-02-02
4012,81,2,182.64,2026-02-05
4013,81,2,176.45,2026-02-08
4014,81,2,191.49,2026-02-11
4015,81,2,181.47,2026-02-14
4016,81,2,178.16,2026-02-17
4017,81,2,183.31,2026-02-20
4018,81,2,187.56,2026-02-23
4019,81,2,181.44,2026-02-26
4020,81,2,184.02,2026-03-01
4021,81,3,193.33,2026-02-02
4022,81,3,188.69,2026-02-05
4023,81,3,189.92,2026-02-08
4024,81,3,182.64,2026-02-11
4025,81,3,195.02,2026-02-14
4026,81,3,180.6,2026-02-17
4027,81,3,185.02,2026-02-20
4028,81,3,189.13,2026-02-23
4029,81,3,184.49,2026-02-26
4030,81,3,189.01,2026-03-01
4031,81,4,166.77,2026-02-02
4032,81,4,168.91,2026-02-05
4033,81,4,178.68,2026-02-08
4034,81,4,166.32,2026-02-11
4035,81,4,164.49,2026-02-14
4036,81,4,165.61,2026-02-17
4037,81,4,174.81,2026-02-20
4038,81,4,175.67,2026-02-23
4039,81,4,177.85,2026-02-26
4040,81,4,179.94,2026-03-01
4041,81,5,187.57,2026-02-02
4042,81,5,175.5,2026-02-05
4043,81,5,188.26,2026-02-08
4044,81,5,181.04,2026-02-11
4045,81,5,182.88,2026-02-14
4046,81,5,188.58,2026-02-17
4047,81,5,188.45,2026-02-20
4048,81,5,180.29,2026-02-23
4049,81,5,188.22,2026-02-26
4050,81,5,175.25,2026-03-01
4051,82,1,58.87,2026-02-02
4052,82,1,59.66,2026-02-05
4053,82,1,60.7,2026-02-08
4054,82,1,59.16,2026-02-11
4055,82,1,59.46,2026-02-14
4056,82,1,56.32,2026-02-17
4057,82,1,57.61,2026-02-20
4058,82,1,61.61,2026-02-23
4059,82,1,58.5,2026-02-26
4060,82,1,59.36,2026-03-01
4061,82,2,65.48,2026-02-02
4062,82,2,62.97,2026-02-05
4063,82,2,65.55,2026-02-08
4064,82,2,62.84,2026-02-11
4065,82,2,63.55,2026-02-14
4066,82,2,61.35,2026-02-17
4067,82,2,59.81,2026-02-20
4068,82,2,60.14,2026-02-23
4069,82,2,62.12,2026-02-26
4070,82,2,63.02,2026-03-01
4071,82,3,63.36,2026-02-02
4072,82,3,63.51,2026-02-05
4073,82,3,62.38,2026-02-08
4074,82,3,60.0,2026-02-11
4075,82,3,61.75,2026-02-14
4076,82,3,58.36,2026-02-17
4077,82,3,61.02,2026-02-20
4078,82,3,60.22,2026-02-23
4079,82,3,61.6,2026-02-26
4080,82,3,62.14,2026-03-01
4081,82,4,62.48,2026-02-02
4082,82,4,65.23,2026-02-05
4083,82,4,64.08,2026-02-08
4084,82,4,64.27,2026-02-11
4085,82,4,63.93,2026-02-14
4086,82,4,67.29,2026-02-17
4087,82,4,63.76,2026-02-20
4088,82,4,63.87,2026-02-23
4089,82,4,63.48,2026-02-26
4090,82,4,67.81,2026-03-01
4091,82,5,65.79,2026-02-02
4092,82,5,65.81,2026-02-05
4093,82,5,63.48,2026-02-08
4094,82,5,64.74,2026-02-11
4095,82,5,64.94,2026-02-14
4096,82,5,68.08,2026-02-17
4097,82,5,67.49,2026-02-20
4098,82,5,67.14,2026-02-23
4099,82,5,62.79,2026-02-26
4100,82,5,65.48,2026-03-01
4101,83,1,90.65,2026-02-02
4102,83,1,83.67,2026-02-05
4103,83,1,85.8,2026-02-08
4104,83,1,89.72,2026-02-11
4105,83,1,86.7,2026-02-14
4106,83,1,89.6,2026-02-17
4107,83,1,91.71,2026-02-20
4108,83,1,87.04,2026-02-23
4109,83,1,85.06,2026-02-26
4110,83,1,89.25,2026-03-01
4111,83,2,93.96,2026-02-02
4112,83,2,88.33,2026-02-05
4113,83,2,92.51,2026-02-08
4114,83,2,91.47,2026-02-11
4115,83,2,90.48,2026-02-14
4116,83,2,94.82,2026-02-17
4117,83,2,95.39,2026-02-20
4118,83,2,90.23,2026-02-23
4119,83,2,92.9,2026-02-26
4120,83,2,88.43,2026-03-01
4121,83,3,98.77,2026-02-02
4122,83,3,102.83,2026-02-05
4123,83,3,96.06,2026-02-08
4124,83,3,99.71,2026-02-11
4125,83,3,97.18,2026-02-14
4126,83,3,97.14,2026-02-17
4127,83,3,97.09,2026-02-20
4128,83,3,94.63,2026-02-23
4129,83,3,98.28,2026-02-26
4130,83,3,96.57,2026-03-01
4131,83,4,91.62,2026-02-02
4132,83,4,92.05,2026-02-05
4133,83,4,97.83,2026-02-08
4134,83,4,92.0,2026-02-11
4135,83,4,96.63,2026-02-14
4136,83,4,92.92,2026-02-17
4137,83,4,94.72,2026-02-20
4138,83,4,98.77,2026-02-23
4139,83,4,99.84,2026-02-26
4140,83,4,95.68,2026-03-01
4141,83,5,92.75,2026-02-02
4142,83,5,96.26,2026-02-05
4143,83,5,95.4,2026-02-08
4144,83,5,88.92,2026-02-11
4145,83,5,92.24,2026-02-14
4146,83,5,88.85,2026-02-17
4147,83,5,88.04,2026-02-20
4148,83,5,95.42,2026-02-23
4149,83,5,92.1,2026-02-26
4150,83,5,91.62,2026-03-01
4151,84,1,26.89,2026-02-02
4152,84,1,25.86,2026-02-05
4153,84,1,26.96,2026-02-08
4154,84,1,28.11,2026-02-11
4155,84,1,27.66,2026-02-14
4156,84,1,28.08,2026-02-17
4157,84,1,26.25,2026-02-20
4158,84,1,25.7,2026-02-23
4159,84,1,26.03,2026-02-26
4160,84,1,27.94,2026-03-01
4161,84,2,26.49,2026-02-02
4162,84,2,27.16,2026-02-05
4163,84,2,27.09,2026-02-08
4164,84,2,27.61,2026-02-11
4165,84,2,28.03,2026-02-14
4166,84,2,26.14,2026-02-17
4167,84,2,28.46,2026-02-20
4168,84,2,26.99,2026-02-23
4169,84,2,26.54,2026-02-26
4170,84,2,27.5,2026-03-01
4171,84,3,24.61,2026-02-02
4172,84,3,25.22,2026-02-05
4173,84,3,23.79,2026-02-08
4174,84,3,24.68,2026-02-11
4175,84,3,24.1,2026-02-14
4176,84,3,23.71,2026-02-17
4177,84,3,24.99,2026-02-20
4178,84,3,23.65,2026-02-23
4179,84,3,25.66,2026-02-26
4180,84,3,25.47,2026-03-01
4181,84,4,25.78,2026-02-02
4182,84,4,25.67,2026-02-05
4183,84,4,26.43,2026-02-08
4184,84,4,25.41,2026-02-11
4185,84,4,24.55,2026-02-14
4186,84,4,25.19,2026-02-17
4187,84,4,26.46,2026-02-20
4188,84,4,25.36,2026-02-23
4189,84,4,25.06,2026-02-26
4190,84,4,24.59,2026-03-01
4191,84,5,24.06,2026-02-02
4192,84,5,23.61,2026-02-05
4193,84,5,23.33,2026-02-08
4194,84,5,22.57,2026-02-11
4195,84,5,22.8,2026-02-14
4196,84,5,22.25,2026-02-17
4197,84,5,22.47,2026-02-20
4198,84,5,23.37,2026-02-23
4199,84,5,21.91,2026-02-26
4200,84,5,22.95,2026-03-01
4201,85,1,42.98,2026-02-02
4202,85,1,43.95,2026-02-05
4203,85,1,46.16,2026-02-08
4204,85,1,47.06,2026-02-11
4205,85,1,43.98,2026-02-14
4206,85,1,44.04,2026-02-17
4207,85,1,44.74,2026-02-20
4208,85,1,45.17,2026-02-23
4209,85,1,44.83,2026-02-26
4210,85,1,44.91,2026-03-01
4211,85,2,47.52,2026-02-02
4212,85,2,46.46,2026-02-05
4213,85,2,44.12,2026-02-08
4214,85,2,43.84,2026-02-11
4215,85,2,46.71,2026-02-14
4216,85,2,46.41,2026-02-17
4217,85,2,46.54,2026-02-20
4218,85,2,44.28,2026-02-23
4219,85,2,44.27,2026-02-26
4220,85,2,46.36,2026-03-01
4221,85,3,41.49,2026-02-02
4222,85,3,43.15,2026-02-05
4223,85,3,42.11,2026-02-08
4224,85,3,40.28,2026-02-11
4225,85,3,43.61,2026-02-14
4226,85,3,43.51,2026-02-17
4227,85,3,40.32,2026-02-20
4228,85,3,41.96,2026-02-23
4229,85,3,40.36,2026-02-26
4230,85,3,40.21,2026-03-01
4231,85,4,49.63,2026-02-02
4232,85,4,48.47,2026-02-05
4233,85,4,46.45,2026-02-08
4234,85,4,47.15,2026-02-11
4235,85,4,46.7,2026-02-14
4236,85,4,46.27,2026-02-17
4237,85,4,48.02,2026-02-20
4238,85,4,47.67,2026-02-23
4239,85,4,49.08,2026-02-26
4240,85,4,48.04,2026-03-01
4241,85,5,42.59,2026-02-02
4242,85,5,39.01,2026-02-05
4243,85,5,39.12,2026-02-08
4244,85,5,42.2,2026-02-11
4245,85,5,40.74,2026-02-14
4246,85,5,39.88,2026-02-17
4247,85,5,43.02,2026-02-20
4248,85,5,39.08,2026-02-23
4249,85,5,42.42,2026-02-26
4250,85,5,42.47,2026-03-01
4251,86,1,32.12,2026-02-02
4252,86,1,32.13,2026-02-05
4253,86,1,31.74,2026-02-08
4254,86,1,30.86,2026-02-11
4255,86,1,31.76,2026-02-14
4256,86,1,31.56,2026-02-17
4257,86,1,33.62,2026-02-20
4258,86,1,32.56,2026-02-23
4259,86,1,31.86,2026-02-26
4260,86,1,33.62,2026-03-01
4261,86,2,30.08,2026-02-02
4262,86,2,28.81,2026-02-05
4263,86,2,28.79,2026-02-08
4264,86,2,30.48,2026-02-11
4265,86,2,29.99,2026-02-14
4266,86,2,29.8,2026-02-17
4267,86,2,30.01,2026-02-20
4268,86,2,28.57,2026-02-23
4269,86,2,30.7,2026-02-26
4270,86,2,29.91,2026-03-01
4271,86,3,32.7,2026-02-02
4272,86,3,30.98,2026-02-05
4273,86,3,31.93,2026-02-08
4274,86,3,31.35,2026-02-11
4275,86,3,31.9,2026-02-14
4276,86,3,32.13,2026-02-17
4277,86,3,30.03,2026-02-20
4278,86,3,31.52,2026-02-23
4279,86,3,32.86,2026-02-26
4280,86,3,31.13,2026-03-01
4281,86,4,28.63,2026-02-02
4282,86,4,30.19,2026-02-05
4283,86,4,30.12,2026-02-08
4284,86,4,28.48,2026-02-11
4285,86,4,29.23,2026-02-14
4286,86,4,29.02,2026-02-17
4287,86,4,30.78,2026-02-20
4288,86,4,29.51,2026-02-23
4289,86,4,30.96,2026-02-26
4290,86,4,30.7,2026-03-01
4291,86,5,30.74,2026-02-02
4292,86,5,32.15,2026-02-05
4293,86,5,31.38,2026-02-08
4294,86,5,31.21,2026-02-11
4295,86,5,29.86,2026-02-14
4296,86,5,31.68,2026-02-17
4297,86,5,30.35,2026-02-20
4298,86,5,32.21,2026-02-23
4299,86,5,29.55,2026-02-26
4300,86,5,30.31,2026-03-01
4301,87,1,44.86,2026-02-02
4302,87,1,47.48,2026-02-05
4303,87,1,47.44,2026-02-08
4304,87,1,47.73,2026-02-11
4305,87,1,45.31,2026-02-14
4306,87,1,48.41,2026-02-17
4307,87,1,44.94,2026-02-20
4308,87,1,45.4,2026-02-23
4309,87,1,47.58,2026-02-26
4310,87,1,48.07,2026-03-01
4311,87,2,48.24,2026-02-02
4312,87,2,49.47,2026-02-05
4313,87,2,48.48,2026-02-08
4314,87,2,47.75,2026-02-11
4315,87,2,45.52,2026-02-14
4316,87,2,48.65,2026-02-17
4317,87,2,48.72,2026-02-20
4318,87,2,45.33,2026-02-23
4319,87,2,46.92,2026-02-26
4320,87,2,49.03,2026-03-01
4321,87,3,47.37,2026-02-02
4322,87,3,48.82,2026-02-05
4323,87,3,50.76,2026-02-08
4324,87,3,51.34,2026-02-11
4325,87,3,48.03,2026-02-14
4326,87,3,48.44,2026-02-17
4327,87,3,49.21,2026-02-20
4328,87,3,50.52,2026-02-23
4329,87,3,46.87,2026-02-26
4330,87,3,47.22,2026-03-01
4331,87,4,45.64,2026-02-02
4332,87,4,49.65,2026-02-05
4333,87,4,48.91,2026-02-08
4334,87,4,49.23,2026-02-11
4335,87,4,47.21,2026-02-14
4336,87,4,45.98,2026-02-17
4337,87,4,47.46,2026-02-20
4338,87,4,50.11,2026-02-23
4339,87,4,48.24,2026-02-26
4340,87,4,45.83,2026-03-01
4341,87,5,50.11,2026-02-02
4342,87,5,48.2,2026-02-05
4343,87,5,49.61,2026-02-08
4344,87,5,48.34,2026-02-11
4345,87,5,50.03,2026-02-14
4346,87,5,46.56,2026-02-17
4347,87,5,50.27,2026-02-20
4348,87,5,46.72,2026-02-23
4349,87,5,47.47,2026-02-26
4350,87,5,50.35,2026-03-01
4351,88,1,56.91,2026-02-02
4352,88,1,53.33,2026-02-05
4353,88,1,56.83,2026-02-08
4354,88,1,52.91,2026-02-11
4355,88,1,54.31,2026-02-14
4356,88,1,54.77,2026-02-17
4357,88,1,56.33,2026-02-20
4358,88,1,57.27,2026-02-23
4359,88,1,57.26,2026-02-26
4360,88,1,52.62,2026-03-01
4361,88,2,57.38,2026-02-02
4362,88,2,55.62,2026-02-05
4363,88,2,54.23,2026-02-08
4364,88,2,57.21,2026-02-11
4365,88,2,55.93,2026-02-14
4366,88,2,57.94,2026-02-17
4367,88,2,56.81,2026-02-20
4368,88,2,54.44,2026-02-23
4369,88,2,56.86,2026-02-26
4370,88,2,55.5,2026-03-01
4371,88,3,56.91,2026-02-02
4372,88,3,53.14,2026-02-05
4373,88,3,57.9,2026-02-08
4374,88,3,54.15,2026-02-11
4375,88,3,54.74,2026-02-14
4376,88,3,53.06,2026-02-17
4377,88,3,54.83,2026-02-20
4378,88,3,57.16,2026-02-23
4379,88,3,58.16,2026-02-26
4380,88,3,56.82,2026-03-01
4381,88,4,63.94,2026-02-02
4382,88,4,63.32,2026-02-05
4383,88,4,61.09,2026-02-08
4384,88,4,63.06,2026-02-11
4385,88,4,61.64,2026-02-14
4386,88,4,61.82,2026-02-17
4387,88,4,66.44,2026-02-20
4388,88,4,60.54,2026-02-23
4389,88,4,66.28,2026-02-26
4390,88,4,63.05,2026-03-01
4391,88,5,55.25,2026-02-02
4392,88,5,53.03,2026-02-05
4393,88,5,57.97,2026-02-08
4394,88,5,56.21,2026-02-11
4395,88,5,53.38,2026-02-14
4396,88,5,54.94,2026-02-17
4397,88,5,53.85,2026-02-20
4398,88,5,56.0,2026-02-23
4399,88,5,55.15,2026-02-26
4400,88,5,54.66,2026-03-01
4401,89,1,58.63,2026-02-02
4402,89,1,61.53,2026-02-05
4403,89,1,61.69,2026-02-08
4404,89,1,56.88,2026-02-11
4405,89,1,58.97,2026-02-14
4406,89,1,58.21,2026-02-17
4407,89,1,57.17,2026-02-20
4408,89,1,59.07,2026-02-23
4409,89,1,59.12,2026-02-26
4410,89,1,57.59,2026-03-01
4411,89,2,66.42,2026-02-02
4412,89,2,63.24,2026-02-05
4413,89,2,65.3,2026-02-08
4414,89,2,61.86,2026-02-11
4415,89,2,62.05,2026-02-14
4416,89,2,61.69,2026-02-17
4417,89,2,64.15,2026-02-20
4418,89,2,64.04,2026-02-23
4419,89,2,64.47,2026-02-26
4420,89,2,63.83,2026-03-01
4421,89,3,57.92,2026-02-02
4422,89,3,57.58,2026-02-05
4423,89,3,56.84,2026-02-08
4424,89,3,55.02,2026-02-11
4425,89,3,53.98,2026-02-14
4426,89,3,58.94,2026-02-17
4427,89,3,58.69,2026-02-20
4428,89,3,59.42,2026-02-23
4429,89,3,55.89,2026-02-26
4430,89,3,57.58,2026-03-01
4431,89,4,62.05,2026-02-02
4432,89,4,58.17,2026-02-05
4433,89,4,60.04,2026-02-08
4434,89,4,58.6,2026-02-11
4435,89,4,60.14,2026-02-14
4436,89,4,58.43,2026-02-17
4437,89,4,59.62,2026-02-20
4438,89,4,62.7,2026-02-23
4439,89,4,59.4,2026-02-26
4440,89,4,62.94,2026-03-01
4441,89,5,63.87,2026-02-02
4442,89,5,64.01,2026-02-05
4443,89,5,64.07,2026-02-08
4444,89,5,61.23,2026-02-11
4445,89,5,61.74,2026-02-14
4446,89,5,63.3,2026-02-17
4447,89,5,60.24,2026-02-20
4448,89,5,64.63,2026-02-23
4449,89,5,65.19,2026-02-26
4450,89,5,61.87,2026-03-01
4451,90,1,80.56,2026-02-02
4452,90,1,83.61,2026-02-05
4453,90,1,83.59,2026-02-08
4454,90,1,79.99,2026-02-11
4455,90,1,76.71,2026-02-14
4456,90,1,84.57,2026-02-17
4457,90,1,82.42,2026-02-20
4458,90,1,82.17,2026-02-23
4459,90,1,82.05,2026-02-26
4460,90,1,77.3,2026-03-01
4461,90,2,86.24,2026-02-02
4462,90,2,80.63,2026-02-05
4463,90,2,79.75,2026-02-08
4464,90,2,81.13,2026-02-11
4465,90,2,83.52,2026-02-14
4466,90,2,83.72,2026-02-17
4467,90,2,81.82,2026-02-20
4468,90,2,81.64,2026-02-23
4469,90,2,81.28,2026-02-26
4470,90,2,79.94,2026-03-01
4471,90,3,73.98,2026-02-02
4472,90,3,78.86,2026-02-05
4473,90,3,78.94,2026-02-08
4474,90,3,80.3,2026-02-11
4475,90,3,78.18,2026-02-14
4476,90,3,77.48,2026-02-17
4477,90,3,77.96,2026-02-20
4478,90,3,74.94,2026-02-23
4479,90,3,77.92,2026-02-26
4480,90,3,77.0,2026-03-01
4481,90,4,86.35,2026-02-02
4482,90,4,86.84,2026-02-05
4483,90,4,92.24,2026-02-08
4484,90,4,89.88,2026-02-11
4485,90,4,83.78,2026-02-14
4486,90,4,87.85,2026-02-17
4487,90,4,87.95,2026-02-20
4488,90,4,89.27,2026-02-23
4489,90,4,90.6,2026-02-26
4490,90,4,83.95,2026-03-01
4491,90,5,73.54,2026-02-02
4492,90,5,74.59,2026-02-05
4493,90,5,76.76,2026-02-08
4494,90,5,75.22,2026-02-11
4495,90,5,79.84,2026-02-14
4496,90,5,76.07,2026-02-17
4497,90,5,73.52,2026-02-20
4498,90,5,78.55,2026-02-23
4499,90,5,74.26,2026-02-26
4500,90,5,74.52,2026-03-01
4501,91,1,35.46,2026-02-02
4502,91,1,36.84,2026-02-05
4503,91,1,37.65,2026-02-08
4504,91,1,36.23,2026-02-11
4505,91,1,35.42,2026-02-14
4506,91,1,36.1,2026-02-17
4507,91,1,36.48,2026-02-20
4508,91,1,35.36,2026-02-23
4509,91,1,35.19,2026-02-26
4510,91,1,36.1,2026-03-01
4511,91,2,42.47,2026-02-02
4512,91,2,43.86,2026-02-05
4513,91,2,42.34,2026-02-08
4514,91,2,44.97,2026-02-11
4515,91,2,41.89,2026-02-14
4516,91,2,42.75,2026-02-17
4517,91,2,41.43,2026-02-20
4518,91,2,44.02,2026-02-23
4519,91,2,44.8,2026-02-26
4520,91,2,44.61,2026-03-01
4521,91,3,40.53,2026-02-02
4522,91,3,42.97,2026-02-05
4523,91,3,43.38,2026-02-08
4524,91,3,43.17,2026-02-11
4525,91,3,40.24,2026-02-14
4526,91,3,41.24,2026-02-17
4527,91,3,41.49,2026-02-20
4528,91,3,41.12,2026-02-23
4529,91,3,40.96,2026-02-26
4530,91,3,43.37,2026-03-01
4531,91,4,39.97,2026-02-02
4532,91,4,40.92,2026-02-05
4533,91,4,39.71,2026-02-08
4534,91,4,38.46,2026-02-11
4535,91,4,41.21,2026-02-14
4536,91,4,40.16,2026-02-17
4537,91,4,40.98,2026-02-20
4538,91,4,39.92,2026-02-23
4539,91,4,40.44,2026-02-26
4540,91,4,40.73,2026-03-01
4541,91,5,36.66,2026-02-02
4542,91,5,38.26,2026-02-05
4543,91,5,37.99,2026-02-08
4544,91,5,37.68,2026-02-11
4545,91,5,37.22,2026-02-14
4546,91,5,38.5,2026-02-17
4547,91,5,39.35,2026-02-20
4548,91,5,36.19,2026-02-23
4549,91,5,39.14,2026-02-26
4550,91,5,38.04,2026-03-01
4551,92,1,52.99,2026-02-02
4552,92,1,53.53,2026-02-05
4553,92,1,53.2,2026-02-08
4554,92,1,53.29,2026-02-11
4555,92,1,52.51,2026-02-14
4556,92,1,52.18,2026-02-17
4557,92,1,53.3,2026-02-20
4558,92,1,53.03,2026-02-23
4559,92,1,50.99,2026-02-26
4560,92,1,55.05,2026-03-01
4561,92,2,51.63,2026-02-02
4562,92,2,48.84,2026-02-05
4563,92,2,51.08,2026-02-08
4564,92,2,50.67,2026-02-11
4565,92,2,48.67,2026-02-14
4566,92,2,50.64,2026-02-17
4567,92,2,47.9,2026-02-20
4568,92,2,50.98,2026-02-23
4569,92,2,51.2,2026-02-26
4570,92,2,50.32,2026-03-01
4571,92,3,52.31,2026-02-02
4572,92,3,53.42,2026-02-05
4573,92,3,51.77,2026-02-08
4574,92,3,55.64,2026-02-11
4575,92,3,56.07,2026-02-14
4576,92,3,52.92,2026-02-17
4577,92,3,50.91,2026-02-20
4578,92,3,52.37,2026-02-23
4579,92,3,55.68,2026-02-26
4580,92,3,51.82,2026-03-01
4581,92,4,46.07,2026-02-02
4582,92,4,45.47,2026-02-05
4583,92,4,45.88,2026-02-08
4584,92,4,46.88,2026-02-11
4585,92,4,48.62,2026-02-14
4586,92,4,45.56,2026-02-17
4587,92,4,47.68,2026-02-20
4588,92,4,46.07,2026-02-23
4589,92,4,47.13,2026-02-26
4590,92,4,46.26,2026-03-01
4591,92,5,55.35,2026-02-02
4592,92,5,54.88,2026-02-05
4593,92,5,56.19,2026-02-08
4594,92,5,53.08,2026-02-11
4595,92,5,54.77,2026-02-14
4596,92,5,56.46,2026-02-17
4597,92,5,55.15,2026-02-20
4598,92,5,52.42,2026-02-23
4599,92,5,52.46,2026-02-26
4600,92,5,55.43,2026-03-01
4601,93,1,155.16,2026-02-02
4602,93,1,156.42,2026-02-05
4603,93,1,162.58,2026-02-08
4604,93,1,161.27,2026-02-11
4605,93,1,155.46,2026-02-14
4606,93,1,159.13,2026-02-17
4607,93,1,166.14,2026-02-20
4608,93,1,153.17,2026-02-23
4609,93,1,156.79,2026-02-26
4610,93,1,161.12,2026-03-01
4611,93,2,145.39,2026-02-02
4612,93,2,144.21,2026-02-05
4613,93,2,139.27,2026-02-08
4614,93,2,151.44,2026-02-11
4615,93,2,145.25,2026-02-14
4616,93,2,143.32,2026-02-17
4617,93,2,145.52,2026-02-20
4618,93,2,149.93,2026-02-23
4619,93,2,138.62,2026-02-26
4620,93,2,144.12,2026-03-01
4621,93,3,150.04,2026-02-02
4622,93,3,148.8,2026-02-05
4623,93,3,153.67,2026-02-08
4624,93,3,160.02,2026-02-11
4625,93,3,149.76,2026-02-14
4626,93,3,149.97,2026-02-17
4627,93,3,156.61,2026-02-20
4628,93,3,149.63,2026-02-23
4629,93,3,149.81,2026-02-26
4630,93,3,149.8,2026-03-01
4631,93,4,141.24,2026-02-02
4632,93,4,135.71,2026-02-05
4633,93,4,143.46,2026-02-08
4634,93,4,140.83,2026-02-11
4635,93,4,146.0,2026-02-14
4636,93,4,139.13,2026-02-17
4637,93,4,134.68,2026-02-20
4638,93,4,143.24,2026-02-23
4639,93,4,137.11,2026-02-26
4640,93,4,141.16,2026-03-01
4641,93,5,142.5,2026-02-02
4642,93,5,146.96,2026-02-05
4643,93,5,143.1,2026-02-08
4644,93,5,147.04,2026-02-11
4645,93,5,149.07,2026-02-14
4646,93,5,149.49,2026-02-17
4647,93,5,155.08,2026-02-20
4648,93,5,156.06,2026-02-23
4649,93,5,151.25,2026-02-26
4650,93,5,149.54,2026-03-01
4651,94,1,165.28,2026-02-02
4652,94,1,164.06,2026-02-05
4653,94,1,168.73,2026-02-08
4654,94,1,164.58,2026-02-11
4655,94,1,160.3,2026-02-14
4656,94,1,166.99,2026-02-17
4657,94,1,172.12,2026-02-20
4658,94,1,162.45,2026-02-23
4659,94,1,171.92,2026-02-26
4660,94,1,159.32,2026-03-01
4661,94,2,179.48,2026-02-02
4662,94,2,174.28,2026-02-05
4663,94,2,179.74,2026-02-08
4664,94,2,188.16,2026-02-11
4665,94,2,183.09,2026-02-14
4666,94,2,178.98,2026-02-17
4667,94,2,188.07,2026-02-20
4668,94,2,174.73,2026-02-23
4669,94,2,184.44,2026-02-26
4670,94,2,176.76,2026-03-01
4671,94,3,162.21,2026-02-02
4672,94,3,168.37,2026-02-05
4673,94,3,169.77,2026-02-08
4674,94,3,165.08,2026-02-11
4675,94,3,160.33,2026-02-14
4676,94,3,160.77,2026-02-17
4677,94,3,168.07,2026-02-20
4678,94,3,163.99,2026-02-23
4679,94,3,169.49,2026-02-26
4680,94,3,172.5,2026-03-01
4681,94,4,174.55,2026-02-02
4682,94,4,175.85,2026-02-05
4683,94,4,184.29,2026-02-08
4684,94,4,184.57,2026-02-11
4685,94,4,173.08,2026-02-14
4686,94,4,172.9,2026-02-17
4687,94,4,173.38,2026-02-20
4688,94,4,175.88,2026-02-23
4689,94,4,180.12,2026-02-26
4690,94,4,173.09,2026-03-01
4691,94,5,179.97,2026-02-02
4692,94,5,191.37,2026-02-05
4693,94,5,188.72,2026-02-08
4694,94,5,194.69,2026-02-11
4695,94,5,179.6,2026-02-14
4696,94,5,181.15,2026-02-17
4697,94,5,188.68,2026-02-20
4698,94,5,187.96,2026-02-23
4699,94,5,196.48,2026-02-26
4700,94,5,191.2,2026-03-01
4701,95,1,74.27,2026-02-02
4702,95,1,70.66,2026-02-05
4703,95,1,71.77,2026-02-08
4704,95,1,71.5,2026-02-11
4705,95,1,69.67,2026-02-14
4706,95,1,71.02,2026-02-17
4707,95,1,69.21,2026-02-20
4708,95,1,73.88,2026-02-23
4709,95,1,69.47,2026-02-26
4710,95,1,67.93,2026-03-01
4711,95,2,78.39,2026-02-02
4712,95,2,75.27,2026-02-05
4713,95,2,76.94,2026-02-08
4714,95,2,75.98,2026-02-11
4715,95,2,80.11,2026-02-14
4716,95,2,76.54,2026-02-17
4717,95,2,78.56,2026-02-20
4718,95,2,77.09,2026-02-23
4719,95,2,80.79,2026-02-26
4720,95,2,77.03,2026-03-01
4721,95,3,78.93,2026-02-02
4722,95,3,79.11,2026-02-05
4723,95,3,75.55,2026-02-08
4724,95,3,73.49,2026-02-11
4725,95,3,78.34,2026-02-14
4726,95,3,73.79,2026-02-17
4727,95,3,78.39,2026-02-20
4728,95,3,75.54,2026-02-23
4729,95,3,79.14,2026-02-26
4730,95,3,76.3,2026-03-01
4731,95,4,79.66,2026-02-02
4732,95,4,78.09,2026-02-05
4733,95,4,78.34,2026-02-08
4734,95,4,84.95,2026-02-11
4735,95,4,80.36,2026-02-14
4736,95,4,78.19,2026-02-17
4737,95,4,84.33,2026-02-20
4738,95,4,81.75,2026-02-23
4739,95,4,78.89,2026-02-26
4740,95,4,81.61,2026-03-01
4741,95,5,66.72,2026-02-02
4742,95,5,67.69,2026-02-05
4743,95,5,67.67,2026-02-08
4744,95,5,66.41,2026-02-11
4745,95,5,67.34,2026-02-14
4746,95,5,66.73,2026-02-17
4747,95,5,69.4,2026-02-20
4748,95,5,72.13,2026-02-23
4749,95,5,70.65,2026-02-26
4750,95,5,72.17,2026-03-01
4751,96,1,112.02,2026-02-02
4752,96,1,115.89,2026-02-05
4753,96,1,114.56,2026-02-08
4754,96,1,109.03,2026-02-11
4755,96,1,115.11,2026-02-14
4756,96,1,112.65,2026-02-17
4757,96,1,112.72,2026-02-20
4758,96,1,107.89,2026-02-23
4759,96,1,113.69,2026-02-26
4760,96,1,109.77,2026-03-01
4761,96,2,120.72,2026-02-02
4762,96,2,118.71,2026-02-05
4763,96,2,115.33,2026-02-08
4764,96,2,111.58,2026-02-11
4765,96,2,118.89,2026-02-14
4766,96,2,114.1,2026-02-17
4767,96,2,116.25,2026-02-20
4768,96,2,121.17,2026-02-23
4769,96,2,116.93,2026-02-26
4770,96,2,111.94,2026-03-01
4771,96,3,118.79,2026-02-02
4772,96,3,121.55,2026-02-05
4773,96,3,118.29,2026-02-08
4774,96,3,125.38,2026-02-11
4775,96,3,123.44,2026-02-14
4776,96,3,118.87,2026-02-17
4777,96,3,122.3,2026-02-20
4778,96,3,126.02,2026-02-23
4779,96,3,119.03,2026-02-26
4780,96,3,121.19,2026-03-01
4781,96,4,120.67,2026-02-02
4782,96,4,116.21,2026-02-05
4783,96,4,117.58,2026-02-08
4784,96,4,118.02,2026-02-11
4785,96,4,121.77,2026-02-14
4786,96,4,119.74,2026-02-17
4787,96,4,118.33,2026-02-20
4788,96,4,115.81,2026-02-23
4789,96,4,120.41,2026-02-26
4790,96,4,116.54,2026-03-01
4791,96,5,105.75,2026-02-02
4792,96,5,111.6,2026-02-05
4793,96,5,107.01,2026-02-08
4794,96,5,105.91,2026-02-11
4795,96,5,113.21,2026-02-14
4796,96,5,114.98,2026-02-17
4797,96,5,112.8,2026-02-20
4798,96,5,115.42,2026-02-23
4799,96,5,115.41,2026-02-26
4800,96,5,107.94,2026-03-01
4801,97,1,257.12,2026-02-02
4802,97,1,266.87,2026-02-05
4803,97,1,268.15,2026-02-08
4804,97,1,268.88,2026-02-11
4805,97,1,257.02,2026-02-14
4806,97,1,248.55,2026-02-17
4807,97,1,250.35,2026-02-20
4808,97,1,266.42,2026-02-23
4809,97,1,265.95,2026-02-26
4810,97,1,254.98,2026-03-01
4811,97,2,250.18,2026-02-02
4812,97,2,247.46,2026-02-05
4813,97,2,249.4,2026-02-08
4814,97,2,252.54,2026-02-11
4815,97,2,253.83,2026-02-14
4816,97,2,240.65,2026-02-17
4817,97,2,235.59,2026-02-20
4818,97,2,247.93,2026-02-23
4819,97,2,241.15,2026-02-26
4820,97,2,244.42,2026-03-01
4821,97,3,275.96,2026-02-02
4822,97,3,271.41,2026-02-05
4823,97,3,254.64,2026-02-08
4824,97,3,269.59,2026-02-11
4825,97,3,251.4,2026-02-14
4826,97,3,262.0,2026-02-17
4827,97,3,264.5,2026-02-20
4828,97,3,270.18,2026-02-23
4829,97,3,277.62,2026-02-26
4830,97,3,266.72,2026-03-01
4831,97,4,240.0,2026-02-02
4832,97,4,256.7,2026-02-05
4833,97,4,236.86,2026-02-08
4834,97,4,249.74,2026-02-11
4835,97,4,255.5,2026-02-14
4836,97,4,252.61,2026-02-17
4837,97,4,247.42,2026-02-20
4838,97,4,258.51,2026-02-23
4839,97,4,252.58,2026-02-26
4840,97,4,236.24,2026-03-01
4841,97,5,255.68,2026-02-02
4842,97,5,261.9,2026-02-05
4843,97,5,280.32,2026-02-08
4844,97,5,259.88,2026-02-11
4845,97,5,268.61,2026-02-14
4846,97,5,277.81,2026-02-17
4847,97,5,267.2,2026-02-20
4848,97,5,263.82,2026-02-23
4849,97,5,260.68,2026-02-26
4850,97,5,278.37,2026-03-01
4851,98,1,48.59,2026-02-02
4852,98,1,52.78,2026-02-05
4853,98,1,49.19,2026-02-08
4854,98,1,52.44,2026-02-11
4855,98,1,51.29,2026-02-14
4856,98,1,50.09,2026-02-17
4857,98,1,51.5,2026-02-20
4858,98,1,49.32,2026-02-23
4859,98,1,51.37,2026-02-26
4860,98,1,48.91,2026-03-01
4861,98,2,51.53,2026-02-02
4862,98,2,50.79,2026-02-05
4863,98,2,53.0,2026-02-08
4864,98,2,52.23,2026-02-11
4865,98,2,49.41,2026-02-14
4866,98,2,52.71,2026-02-17
4867,98,2,50.08,2026-02-20
4868,98,2,52.88,2026-02-23
4869,98,2,53.54,2026-02-26
4870,98,2,49.32,2026-03-01
4871,98,3,46.45,2026-02-02
4872,98,3,50.24,2026-02-05
4873,98,3,49.35,2026-02-08
4874,98,3,47.08,2026-02-11
4875,98,3,50.68,2026-02-14
4876,98,3,47.84,2026-02-17
4877,98,3,47.22,2026-02-20
4878,98,3,50.99,2026-02-23
4879,98,3,50.24,2026-02-26
4880,98,3,46.84,2026-03-01
4881,98,4,56.84,2026-02-02
4882,98,4,55.87,2026-02-05
4883,98,4,54.21,2026-02-08
4884,98,4,54.67,2026-02-11
4885,98,4,52.18,2026-02-14
4886,98,4,54.92,2026-02-17
4887,98,4,56.76,2026-02-20
4888,98,4,55.6,2026-02-23
4889,98,4,52.87,2026-02-26
4890,98,4,55.08,2026-03-01
4891,98,5,50.83,2026-02-02
4892,98,5,54.9,2026-02-05
4893,98,5,50.34,2026-02-08
4894,98,5,50.43,2026-02-11
4895,98,5,51.41,2026-02-14
4896,98,5,52.48,2026-02-17
4897,98,5,53.0,2026-02-20
4898,98,5,55.03,2026-02-23
4899,98,5,54.18,2026-02-26
4900,98,5,53.99,2026-03-01
4901,99,1,100.31,2026-02-02
4902,99,1,93.99,2026-02-05
4903,99,1,100.78,2026-02-08
4904,99,1,99.02,2026-02-11
4905,99,1,99.93,2026-02-14
4906,99,1,99.08,2026-02-17
4907,99,1,93.68,2026-02-20
4908,99,1,99.02,2026-02-23
4909,99,1,101.97,2026-02-26
4910,99,1,94.22,2026-03-01
4911,99,2,101.01,2026-02-02
4912,99,2,94.46,2026-02-05
4913,99,2,97.34,2026-02-08
4914,99,2,97.88,2026-02-11
4915,99,2,100.44,2026-02-14
4916,99,2,97.01,2026-02-17
4917,99,2,100.85,2026-02-20
4918,99,2,95.55,2026-02-23
4919,99,2,102.24,2026-02-26
4920,99,2,100.05,2026-03-01
4921,99,3,95.65,2026-02-02
4922,99,3,95.68,2026-02-05
4923,99,3,93.54,2026-02-08
4924,99,3,95.0,2026-02-11
4925,99,3,95.34,2026-02-14
4926,99,3,97.26,2026-02-17
4927,99,3,96.33,2026-02-20
4928,99,3,94.03,2026-02-23
4929,99,3,95.01,2026-02-26
4930,99,3,91.41,2026-03-01
4931,99,4,91.71,2026-02-02
4932,99,4,88.3,2026-02-05
4933,99,4,93.24,2026-02-08
4934,99,4,86.94,2026-02-11
4935,99,4,89.64,2026-02-14
4936,99,4,91.38,2026-02-17
4937,99,4,92.11,2026-02-20
4938,99,4,89.26,2026-02-23
4939,99,4,88.62,2026-02-26
4940,99,4,91.85,2026-03-01
4941,99,5,106.65,2026-02-02
4942,99,5,102.11,2026-02-05
4943,99,5,99.86,2026-02-08
4944,99,5,102.74,2026-02-11
4945,99,5,105.98,2026-02-14
4946,99,5,102.49,2026-02-17
4947,99,5,97.17,2026-02-20
4948,99,5,100.6,2026-02-23
4949,99,5,102.09,2026-02-26
4950,99,5,98.24,2026-03-01
4951,100,1,54.07,2026-02-02
4952,100,1,54.95,2026-02-05
4953,100,1,52.69,2026-02-08
4954,100,1,53.81,2026-02-11
4955,100,1,52.25,2026-02-14
4956,100,1,55.33,2026-02-17
4957,100,1,56.35,2026-02-20
4958,100,1,51.92,2026-02-23
4959,100,1,52.11,2026-02-26
4960,100,1,52.79,2026-03-01
4961,100,2,49.58,2026-02-02
4962,100,2,49.8,2026-02-05
4963,100,2,50.28,2026-02-08
4964,100,2,48.07,2026-02-11
4965,100,2,46.4,2026-02-14
4966,100,2,49.92,2026-02-17
4967,100,2,48.75,2026-02-20
4968,100,2,48.24,2026-02-23
4969,100,2,47.06,2026-02-26
4970,100,2,46.48,2026-03-01
4971,100,3,49.22,2026-02-02
4972,100,3,47.91,2026-02-05
4973,100,3,48.52,2026-02-08
4974,100,3,47.69,2026-02-11
4975,100,3,48.62,2026-02-14
4976,100,3,48.2,2026-02-17
4977,100,3,48.85,2026-02-20
4978,100,3,50.92,2026-02-23
4979,100,3,49.63,2026-02-26
4980,100,3,50.01,2026-03-01
4981,100,4,50.79,2026-02-02
4982,100,4,47.56,2026-02-05
4983,100,4,50.82,2026-02-08
4984,100,4,49.84,2026-02-11
4985,100,4,50.2,2026-02-14
4986,100,4,51.39,2026-02-17
4987,100,4,49.9,2026-02-20
4988,100,4,50.11,2026-02-23
4989,100,4,47.84,2026-02-26
4990,100,4,48.72,2026-03-01
4991,100,5,51.06,2026-02-02
4992,100,5,51.48,2026-02-05
4993,100,5,51.92,2026-02-08
4994,100,5,55.98,2026-02-11
4995,100,5,53.22,2026-02-14
4996,100,5,56.04,2026-02-17
4997,100,5,52.35,2026-02-20
4998,100,5,51.26,2026-02-23
4999,100,5,54.97,2026-02-26
5000,100,5,52.42,2026-03-01
